chembl_id,target_id,gene
CHEMBL6329,CHEMBL2074,O43451
CHEMBL6329,CHEMBL1971,O60706
CHEMBL6329,CHEMBL1827,O76074
CHEMBL6329,CHEMBL1859,O95180
CHEMBL6329,CHEMBL1884,O96760
CHEMBL6329,CHEMBL202,P00374
CHEMBL6329,CHEMBL1809,GO:0009257
CHEMBL6329,CHEMBL1862,P00519
CHEMBL6329,CHEMBL203,GO:0007166
CHEMBL6329,CHEMBL1852,GO:0003899
CHEMBL6329,CHEMBL204,GO:0009897
CHEMBL6329,CHEMBL1801,P00747
CHEMBL6329,CHEMBL2065,P62593
CHEMBL6329,CHEMBL1910,P00813
CHEMBL6329,CHEMBL205,GO:0004064
CHEMBL6329,CHEMBL1950,P01008
CHEMBL6329,CHEMBL2066,P63316
CHEMBL6329,CHEMBL1813,P02918
CHEMBL6329,CHEMBL206,GO:0045944
CHEMBL6329,CHEMBL2051,GO:0005576
CHEMBL6328,CHEMBL2074,O43451
CHEMBL6328,CHEMBL1971,O60706
CHEMBL6328,CHEMBL1827,O76074
CHEMBL6328,CHEMBL1859,O95180
CHEMBL6328,CHEMBL1884,O96760
CHEMBL6328,CHEMBL202,P00374
CHEMBL6328,CHEMBL1809,GO:0009257
CHEMBL6328,CHEMBL1862,P00519
CHEMBL6328,CHEMBL203,GO:0007166
CHEMBL6328,CHEMBL1852,GO:0003899
CHEMBL6328,CHEMBL204,GO:0009897
CHEMBL6328,CHEMBL1801,P00747
CHEMBL6328,CHEMBL2065,P62593
CHEMBL6328,CHEMBL1910,P00813
CHEMBL6328,CHEMBL205,GO:0004064
CHEMBL6328,CHEMBL1950,P01008
CHEMBL6328,CHEMBL2066,P63316
CHEMBL6328,CHEMBL1813,P02918
CHEMBL6328,CHEMBL206,GO:0045944
CHEMBL6328,CHEMBL2051,GO:0005576
CHEMBL265667,CHEMBL2074,O43451
CHEMBL265667,CHEMBL1971,O60706
CHEMBL265667,CHEMBL1827,O76074
CHEMBL265667,CHEMBL1859,O95180
CHEMBL265667,CHEMBL1884,O96760
CHEMBL265667,CHEMBL202,P00374
CHEMBL265667,CHEMBL1809,GO:0009257
CHEMBL265667,CHEMBL1862,P00519
CHEMBL265667,CHEMBL203,GO:0007166
CHEMBL265667,CHEMBL1852,GO:0003899
CHEMBL265667,CHEMBL204,GO:0009897
CHEMBL265667,CHEMBL1801,P00747
CHEMBL265667,CHEMBL2065,P62593
CHEMBL265667,CHEMBL1910,P00813
CHEMBL265667,CHEMBL205,GO:0004064
CHEMBL265667,CHEMBL1950,P01008
CHEMBL265667,CHEMBL2066,P63316
CHEMBL265667,CHEMBL1813,P02918
CHEMBL265667,CHEMBL206,GO:0045944
CHEMBL265667,CHEMBL2051,GO:0005576
CHEMBL6362,CHEMBL2074,O43451
CHEMBL6362,CHEMBL1971,O60706
CHEMBL6362,CHEMBL1827,O76074
CHEMBL6362,CHEMBL1859,O95180
CHEMBL6362,CHEMBL1884,O96760
CHEMBL6362,CHEMBL202,P00374
CHEMBL6362,CHEMBL1809,GO:0009257
CHEMBL6362,CHEMBL1862,P00519
CHEMBL6362,CHEMBL203,GO:0007166
CHEMBL6362,CHEMBL1852,GO:0003899
CHEMBL6362,CHEMBL204,GO:0009897
CHEMBL6362,CHEMBL1801,P00747
CHEMBL6362,CHEMBL2065,P62593
CHEMBL6362,CHEMBL1910,P00813
CHEMBL6362,CHEMBL205,GO:0004064
CHEMBL6362,CHEMBL1950,P01008
CHEMBL6362,CHEMBL2066,P63316
CHEMBL6362,CHEMBL1813,P02918
CHEMBL6362,CHEMBL206,GO:0045944
CHEMBL6362,CHEMBL2051,GO:0005576
CHEMBL267864,CHEMBL2074,O43451
CHEMBL267864,CHEMBL1971,O60706
CHEMBL267864,CHEMBL1827,O76074
CHEMBL267864,CHEMBL1859,O95180
CHEMBL267864,CHEMBL1884,O96760
CHEMBL267864,CHEMBL202,P00374
CHEMBL267864,CHEMBL1809,GO:0009257
CHEMBL267864,CHEMBL1862,P00519
CHEMBL267864,CHEMBL203,GO:0007166
CHEMBL267864,CHEMBL1852,GO:0003899
CHEMBL267864,CHEMBL204,GO:0009897
CHEMBL267864,CHEMBL1801,P00747
CHEMBL267864,CHEMBL2065,P62593
CHEMBL267864,CHEMBL1910,P00813
CHEMBL267864,CHEMBL205,GO:0004064
CHEMBL267864,CHEMBL1950,P01008
CHEMBL267864,CHEMBL2066,P63316
CHEMBL267864,CHEMBL1813,P02918
CHEMBL267864,CHEMBL206,GO:0045944
CHEMBL267864,CHEMBL2051,GO:0005576
CHEMBL6363,CHEMBL2074,O43451
CHEMBL6363,CHEMBL1971,O60706
CHEMBL6363,CHEMBL1827,O76074
CHEMBL6363,CHEMBL1859,O95180
CHEMBL6363,CHEMBL1884,O96760
CHEMBL6363,CHEMBL202,P00374
CHEMBL6363,CHEMBL1809,GO:0009257
CHEMBL6363,CHEMBL1862,P00519
CHEMBL6363,CHEMBL203,GO:0007166
CHEMBL6363,CHEMBL1852,GO:0003899
CHEMBL6363,CHEMBL204,GO:0009897
CHEMBL6363,CHEMBL1801,P00747
CHEMBL6363,CHEMBL2065,P62593
CHEMBL6363,CHEMBL1910,P00813
CHEMBL6363,CHEMBL205,GO:0004064
CHEMBL6363,CHEMBL1950,P01008
CHEMBL6363,CHEMBL2066,P63316
CHEMBL6363,CHEMBL1813,P02918
CHEMBL6363,CHEMBL206,GO:0045944
CHEMBL6363,CHEMBL2051,GO:0005576
CHEMBL6352,CHEMBL2074,O43451
CHEMBL6352,CHEMBL1971,O60706
CHEMBL6352,CHEMBL1827,O76074
CHEMBL6352,CHEMBL1859,O95180
CHEMBL6352,CHEMBL1884,O96760
CHEMBL6352,CHEMBL202,P00374
CHEMBL6352,CHEMBL1809,GO:0009257
CHEMBL6352,CHEMBL1862,P00519
CHEMBL6352,CHEMBL203,GO:0007166
CHEMBL6352,CHEMBL1852,GO:0003899
CHEMBL6352,CHEMBL204,GO:0009897
CHEMBL6352,CHEMBL1801,P00747
CHEMBL6352,CHEMBL2065,P62593
CHEMBL6352,CHEMBL1910,P00813
CHEMBL6352,CHEMBL205,GO:0004064
CHEMBL6352,CHEMBL1950,P01008
CHEMBL6352,CHEMBL2066,P63316
CHEMBL6352,CHEMBL1813,P02918
CHEMBL6352,CHEMBL206,GO:0045944
CHEMBL6352,CHEMBL2051,GO:0005576
CHEMBL268097,CHEMBL2074,O43451
CHEMBL268097,CHEMBL1971,O60706
CHEMBL268097,CHEMBL1827,O76074
CHEMBL268097,CHEMBL1859,O95180
CHEMBL268097,CHEMBL1884,O96760
CHEMBL268097,CHEMBL202,P00374
CHEMBL268097,CHEMBL1809,GO:0009257
CHEMBL268097,CHEMBL1862,P00519
CHEMBL268097,CHEMBL203,GO:0007166
CHEMBL268097,CHEMBL1852,GO:0003899
CHEMBL268097,CHEMBL204,GO:0009897
CHEMBL268097,CHEMBL1801,P00747
CHEMBL268097,CHEMBL2065,P62593
CHEMBL268097,CHEMBL1910,P00813
CHEMBL268097,CHEMBL205,GO:0004064
CHEMBL268097,CHEMBL1950,P01008
CHEMBL268097,CHEMBL2066,P63316
CHEMBL268097,CHEMBL1813,P02918
CHEMBL268097,CHEMBL206,GO:0045944
CHEMBL268097,CHEMBL2051,GO:0005576
CHEMBL266457,CHEMBL2074,O43451
CHEMBL266457,CHEMBL1971,O60706
CHEMBL266457,CHEMBL1827,O76074
CHEMBL266457,CHEMBL1859,O95180
CHEMBL266457,CHEMBL1884,O96760
CHEMBL266457,CHEMBL202,P00374
CHEMBL266457,CHEMBL1809,GO:0009257
CHEMBL266457,CHEMBL1862,P00519
CHEMBL266457,CHEMBL203,GO:0007166
CHEMBL266457,CHEMBL1852,GO:0003899
CHEMBL266457,CHEMBL204,GO:0009897
CHEMBL266457,CHEMBL1801,P00747
CHEMBL266457,CHEMBL2065,P62593
CHEMBL266457,CHEMBL1910,P00813
CHEMBL266457,CHEMBL205,GO:0004064
CHEMBL266457,CHEMBL1950,P01008
CHEMBL266457,CHEMBL2066,P63316
CHEMBL266457,CHEMBL1813,P02918
CHEMBL266457,CHEMBL206,GO:0045944
CHEMBL266457,CHEMBL2051,GO:0005576
CHEMBL268556,CHEMBL2074,O43451
CHEMBL268556,CHEMBL1971,O60706
CHEMBL268556,CHEMBL1827,O76074
CHEMBL268556,CHEMBL1859,O95180
CHEMBL268556,CHEMBL1884,O96760
CHEMBL268556,CHEMBL202,P00374
CHEMBL268556,CHEMBL1809,GO:0009257
CHEMBL268556,CHEMBL1862,P00519
CHEMBL268556,CHEMBL203,GO:0007166
CHEMBL268556,CHEMBL1852,GO:0003899
CHEMBL268556,CHEMBL204,GO:0009897
CHEMBL268556,CHEMBL1801,P00747
CHEMBL268556,CHEMBL2065,P62593
CHEMBL268556,CHEMBL1910,P00813
CHEMBL268556,CHEMBL205,GO:0004064
CHEMBL268556,CHEMBL1950,P01008
CHEMBL268556,CHEMBL2066,P63316
CHEMBL268556,CHEMBL1813,P02918
CHEMBL268556,CHEMBL206,GO:0045944
CHEMBL268556,CHEMBL2051,GO:0005576
CHEMBL6214,CHEMBL2074,O43451
CHEMBL6214,CHEMBL1971,O60706
CHEMBL6214,CHEMBL1827,O76074
CHEMBL6214,CHEMBL1859,O95180
CHEMBL6214,CHEMBL1884,O96760
CHEMBL6214,CHEMBL202,P00374
CHEMBL6214,CHEMBL1809,GO:0009257
CHEMBL6214,CHEMBL1862,P00519
CHEMBL6214,CHEMBL203,GO:0007166
CHEMBL6214,CHEMBL1852,GO:0003899
CHEMBL6214,CHEMBL204,GO:0009897
CHEMBL6214,CHEMBL1801,P00747
CHEMBL6214,CHEMBL2065,P62593
CHEMBL6214,CHEMBL1910,P00813
CHEMBL6214,CHEMBL205,GO:0004064
CHEMBL6214,CHEMBL1950,P01008
CHEMBL6214,CHEMBL2066,P63316
CHEMBL6214,CHEMBL1813,P02918
CHEMBL6214,CHEMBL206,GO:0045944
CHEMBL6214,CHEMBL2051,GO:0005576
CHEMBL6222,CHEMBL2074,O43451
CHEMBL6222,CHEMBL1971,O60706
CHEMBL6222,CHEMBL1827,O76074
CHEMBL6222,CHEMBL1859,O95180
CHEMBL6222,CHEMBL1884,O96760
CHEMBL6222,CHEMBL202,P00374
CHEMBL6222,CHEMBL1809,GO:0009257
CHEMBL6222,CHEMBL1862,P00519
CHEMBL6222,CHEMBL203,GO:0007166
CHEMBL6222,CHEMBL1852,GO:0003899
CHEMBL6222,CHEMBL204,GO:0009897
CHEMBL6222,CHEMBL1801,P00747
CHEMBL6222,CHEMBL2065,P62593
CHEMBL6222,CHEMBL1910,P00813
CHEMBL6222,CHEMBL205,GO:0004064
CHEMBL6222,CHEMBL1950,P01008
CHEMBL6222,CHEMBL2066,P63316
CHEMBL6222,CHEMBL1813,P02918
CHEMBL6222,CHEMBL206,GO:0045944
CHEMBL6222,CHEMBL2051,GO:0005576
CHEMBL6206,CHEMBL2074,O43451
CHEMBL6206,CHEMBL1971,O60706
CHEMBL6206,CHEMBL1827,O76074
CHEMBL6206,CHEMBL1859,O95180
CHEMBL6206,CHEMBL1884,O96760
CHEMBL6206,CHEMBL202,P00374
CHEMBL6206,CHEMBL1809,GO:0009257
CHEMBL6206,CHEMBL1862,P00519
CHEMBL6206,CHEMBL203,GO:0007166
CHEMBL6206,CHEMBL1852,GO:0003899
CHEMBL6206,CHEMBL204,GO:0009897
CHEMBL6206,CHEMBL1801,P00747
CHEMBL6206,CHEMBL2065,P62593
CHEMBL6206,CHEMBL1910,P00813
CHEMBL6206,CHEMBL205,GO:0004064
CHEMBL6206,CHEMBL1950,P01008
CHEMBL6206,CHEMBL2066,P63316
CHEMBL6206,CHEMBL1813,P02918
CHEMBL6206,CHEMBL206,GO:0045944
CHEMBL6206,CHEMBL2051,GO:0005576
CHEMBL6223,CHEMBL2074,O43451
CHEMBL6223,CHEMBL1971,O60706
CHEMBL6223,CHEMBL1827,O76074
CHEMBL6223,CHEMBL1859,O95180
CHEMBL6223,CHEMBL1884,O96760
CHEMBL6223,CHEMBL202,P00374
CHEMBL6223,CHEMBL1809,GO:0009257
CHEMBL6223,CHEMBL1862,P00519
CHEMBL6223,CHEMBL203,GO:0007166
CHEMBL6223,CHEMBL1852,GO:0003899
CHEMBL6223,CHEMBL204,GO:0009897
CHEMBL6223,CHEMBL1801,P00747
CHEMBL6223,CHEMBL2065,P62593
CHEMBL6223,CHEMBL1910,P00813
CHEMBL6223,CHEMBL205,GO:0004064
CHEMBL6223,CHEMBL1950,P01008
CHEMBL6223,CHEMBL2066,P63316
CHEMBL6223,CHEMBL1813,P02918
CHEMBL6223,CHEMBL206,GO:0045944
CHEMBL6223,CHEMBL2051,GO:0005576
CHEMBL269758,CHEMBL2074,O43451
CHEMBL269758,CHEMBL1971,O60706
CHEMBL269758,CHEMBL1827,O76074
CHEMBL269758,CHEMBL1859,O95180
CHEMBL269758,CHEMBL1884,O96760
CHEMBL269758,CHEMBL202,P00374
CHEMBL269758,CHEMBL1809,GO:0009257
CHEMBL269758,CHEMBL1862,P00519
CHEMBL269758,CHEMBL203,GO:0007166
CHEMBL269758,CHEMBL1852,GO:0003899
CHEMBL269758,CHEMBL204,GO:0009897
CHEMBL269758,CHEMBL1801,P00747
CHEMBL269758,CHEMBL2065,P62593
CHEMBL269758,CHEMBL1910,P00813
CHEMBL269758,CHEMBL205,GO:0004064
CHEMBL269758,CHEMBL1950,P01008
CHEMBL269758,CHEMBL2066,P63316
CHEMBL269758,CHEMBL1813,P02918
CHEMBL269758,CHEMBL206,GO:0045944
CHEMBL269758,CHEMBL2051,GO:0005576
CHEMBL6228,CHEMBL2074,O43451
CHEMBL6228,CHEMBL1971,O60706
CHEMBL6228,CHEMBL1827,O76074
CHEMBL6228,CHEMBL1859,O95180
CHEMBL6228,CHEMBL1884,O96760
CHEMBL6228,CHEMBL202,P00374
CHEMBL6228,CHEMBL1809,GO:0009257
CHEMBL6228,CHEMBL1862,P00519
CHEMBL6228,CHEMBL203,GO:0007166
CHEMBL6228,CHEMBL1852,GO:0003899
CHEMBL6228,CHEMBL204,GO:0009897
CHEMBL6228,CHEMBL1801,P00747
CHEMBL6228,CHEMBL2065,P62593
CHEMBL6228,CHEMBL1910,P00813
CHEMBL6228,CHEMBL205,GO:0004064
CHEMBL6228,CHEMBL1950,P01008
CHEMBL6228,CHEMBL2066,P63316
CHEMBL6228,CHEMBL1813,P02918
CHEMBL6228,CHEMBL206,GO:0045944
CHEMBL6228,CHEMBL2051,GO:0005576
CHEMBL268365,CHEMBL2074,O43451
CHEMBL268365,CHEMBL1971,O60706
CHEMBL268365,CHEMBL1827,O76074
CHEMBL268365,CHEMBL1859,O95180
CHEMBL268365,CHEMBL1884,O96760
CHEMBL268365,CHEMBL202,P00374
CHEMBL268365,CHEMBL1809,GO:0009257
CHEMBL268365,CHEMBL1862,P00519
CHEMBL268365,CHEMBL203,GO:0007166
CHEMBL268365,CHEMBL1852,GO:0003899
CHEMBL268365,CHEMBL204,GO:0009897
CHEMBL268365,CHEMBL1801,P00747
CHEMBL268365,CHEMBL2065,P62593
CHEMBL268365,CHEMBL1910,P00813
CHEMBL268365,CHEMBL205,GO:0004064
CHEMBL268365,CHEMBL1950,P01008
CHEMBL268365,CHEMBL2066,P63316
CHEMBL268365,CHEMBL1813,P02918
CHEMBL268365,CHEMBL206,GO:0045944
CHEMBL268365,CHEMBL2051,GO:0005576
CHEMBL6230,CHEMBL2074,O43451
CHEMBL6230,CHEMBL1971,O60706
CHEMBL6230,CHEMBL1827,O76074
CHEMBL6230,CHEMBL1859,O95180
CHEMBL6230,CHEMBL1884,O96760
CHEMBL6230,CHEMBL202,P00374
CHEMBL6230,CHEMBL1809,GO:0009257
CHEMBL6230,CHEMBL1862,P00519
CHEMBL6230,CHEMBL203,GO:0007166
CHEMBL6230,CHEMBL1852,GO:0003899
CHEMBL6230,CHEMBL204,GO:0009897
CHEMBL6230,CHEMBL1801,P00747
CHEMBL6230,CHEMBL2065,P62593
CHEMBL6230,CHEMBL1910,P00813
CHEMBL6230,CHEMBL205,GO:0004064
CHEMBL6230,CHEMBL1950,P01008
CHEMBL6230,CHEMBL2066,P63316
CHEMBL6230,CHEMBL1813,P02918
CHEMBL6230,CHEMBL206,GO:0045944
CHEMBL6230,CHEMBL2051,GO:0005576
CHEMBL6254,CHEMBL2074,O43451
CHEMBL6254,CHEMBL1971,O60706
CHEMBL6254,CHEMBL1827,O76074
CHEMBL6254,CHEMBL1859,O95180
CHEMBL6254,CHEMBL1884,O96760
CHEMBL6254,CHEMBL202,P00374
CHEMBL6254,CHEMBL1809,GO:0009257
CHEMBL6254,CHEMBL1862,P00519
CHEMBL6254,CHEMBL203,GO:0007166
CHEMBL6254,CHEMBL1852,GO:0003899
CHEMBL6254,CHEMBL204,GO:0009897
CHEMBL6254,CHEMBL1801,P00747
CHEMBL6254,CHEMBL2065,P62593
CHEMBL6254,CHEMBL1910,P00813
CHEMBL6254,CHEMBL205,GO:0004064
CHEMBL6254,CHEMBL1950,P01008
CHEMBL6254,CHEMBL2066,P63316
CHEMBL6254,CHEMBL1813,P02918
CHEMBL6254,CHEMBL206,GO:0045944
CHEMBL6254,CHEMBL2051,GO:0005576
CHEMBL6268,CHEMBL2074,O43451
CHEMBL6268,CHEMBL1971,O60706
CHEMBL6268,CHEMBL1827,O76074
CHEMBL6268,CHEMBL1859,O95180
CHEMBL6268,CHEMBL1884,O96760
CHEMBL6268,CHEMBL202,P00374
CHEMBL6268,CHEMBL1809,GO:0009257
CHEMBL6268,CHEMBL1862,P00519
CHEMBL6268,CHEMBL203,GO:0007166
CHEMBL6268,CHEMBL1852,GO:0003899
CHEMBL6268,CHEMBL204,GO:0009897
CHEMBL6268,CHEMBL1801,P00747
CHEMBL6268,CHEMBL2065,P62593
CHEMBL6268,CHEMBL1910,P00813
CHEMBL6268,CHEMBL205,GO:0004064
CHEMBL6268,CHEMBL1950,P01008
CHEMBL6268,CHEMBL2066,P63316
CHEMBL6268,CHEMBL1813,P02918
CHEMBL6268,CHEMBL206,GO:0045944
CHEMBL6268,CHEMBL2051,GO:0005576
CHEMBL414196,CHEMBL2074,O43451
CHEMBL414196,CHEMBL1971,O60706
CHEMBL414196,CHEMBL1827,O76074
CHEMBL414196,CHEMBL1859,O95180
CHEMBL414196,CHEMBL1884,O96760
CHEMBL414196,CHEMBL202,P00374
CHEMBL414196,CHEMBL1809,GO:0009257
CHEMBL414196,CHEMBL1862,P00519
CHEMBL414196,CHEMBL203,GO:0007166
CHEMBL414196,CHEMBL1852,GO:0003899
CHEMBL414196,CHEMBL204,GO:0009897
CHEMBL414196,CHEMBL1801,P00747
CHEMBL414196,CHEMBL2065,P62593
CHEMBL414196,CHEMBL1910,P00813
CHEMBL414196,CHEMBL205,GO:0004064
CHEMBL414196,CHEMBL1950,P01008
CHEMBL414196,CHEMBL2066,P63316
CHEMBL414196,CHEMBL1813,P02918
CHEMBL414196,CHEMBL206,GO:0045944
CHEMBL414196,CHEMBL2051,GO:0005576
CHEMBL268528,CHEMBL2074,O43451
CHEMBL268528,CHEMBL1971,O60706
CHEMBL268528,CHEMBL1827,O76074
CHEMBL268528,CHEMBL1859,O95180
CHEMBL268528,CHEMBL1884,O96760
CHEMBL268528,CHEMBL202,P00374
CHEMBL268528,CHEMBL1809,GO:0009257
CHEMBL268528,CHEMBL1862,P00519
CHEMBL268528,CHEMBL203,GO:0007166
CHEMBL268528,CHEMBL1852,GO:0003899
CHEMBL268528,CHEMBL204,GO:0009897
CHEMBL268528,CHEMBL1801,P00747
CHEMBL268528,CHEMBL2065,P62593
CHEMBL268528,CHEMBL1910,P00813
CHEMBL268528,CHEMBL205,GO:0004064
CHEMBL268528,CHEMBL1950,P01008
CHEMBL268528,CHEMBL2066,P63316
CHEMBL268528,CHEMBL1813,P02918
CHEMBL268528,CHEMBL206,GO:0045944
CHEMBL268528,CHEMBL2051,GO:0005576
CHEMBL112998,CHEMBL2074,O43451
CHEMBL112998,CHEMBL1971,O60706
CHEMBL112998,CHEMBL1827,O76074
CHEMBL112998,CHEMBL1859,O95180
CHEMBL112998,CHEMBL1884,O96760
CHEMBL112998,CHEMBL202,P00374
CHEMBL112998,CHEMBL1809,GO:0009257
CHEMBL112998,CHEMBL1862,P00519
CHEMBL112998,CHEMBL203,GO:0007166
CHEMBL112998,CHEMBL1852,GO:0003899
CHEMBL112998,CHEMBL204,GO:0009897
CHEMBL112998,CHEMBL1801,P00747
CHEMBL112998,CHEMBL2065,P62593
CHEMBL112998,CHEMBL1910,P00813
CHEMBL112998,CHEMBL205,GO:0004064
CHEMBL112998,CHEMBL1950,P01008
CHEMBL112998,CHEMBL2066,P63316
CHEMBL112998,CHEMBL1813,P02918
CHEMBL112998,CHEMBL206,GO:0045944
CHEMBL112998,CHEMBL2051,GO:0005576
CHEMBL6266,CHEMBL2074,O43451
CHEMBL6266,CHEMBL1971,O60706
CHEMBL6266,CHEMBL1827,O76074
CHEMBL6266,CHEMBL1859,O95180
CHEMBL6266,CHEMBL1884,O96760
CHEMBL6266,CHEMBL202,P00374
CHEMBL6266,CHEMBL1809,GO:0009257
CHEMBL6266,CHEMBL1862,P00519
CHEMBL6266,CHEMBL203,GO:0007166
CHEMBL6266,CHEMBL1852,GO:0003899
CHEMBL6266,CHEMBL204,GO:0009897
CHEMBL6266,CHEMBL1801,P00747
CHEMBL6266,CHEMBL2065,P62593
CHEMBL6266,CHEMBL1910,P00813
CHEMBL6266,CHEMBL205,GO:0004064
CHEMBL6266,CHEMBL1950,P01008
CHEMBL6266,CHEMBL2066,P63316
CHEMBL6266,CHEMBL1813,P02918
CHEMBL6266,CHEMBL206,GO:0045944
CHEMBL6266,CHEMBL2051,GO:0005576
CHEMBL6354,CHEMBL2074,O43451
CHEMBL6354,CHEMBL1971,O60706
CHEMBL6354,CHEMBL1827,O76074
CHEMBL6354,CHEMBL1859,O95180
CHEMBL6354,CHEMBL1884,O96760
CHEMBL6354,CHEMBL202,P00374
CHEMBL6354,CHEMBL1809,GO:0009257
CHEMBL6354,CHEMBL1862,P00519
CHEMBL6354,CHEMBL203,GO:0007166
CHEMBL6354,CHEMBL1852,GO:0003899
CHEMBL6354,CHEMBL204,GO:0009897
CHEMBL6354,CHEMBL1801,P00747
CHEMBL6354,CHEMBL2065,P62593
CHEMBL6354,CHEMBL1910,P00813
CHEMBL6354,CHEMBL205,GO:0004064
CHEMBL6354,CHEMBL1950,P01008
CHEMBL6354,CHEMBL2066,P63316
CHEMBL6354,CHEMBL1813,P02918
CHEMBL6354,CHEMBL206,GO:0045944
CHEMBL6354,CHEMBL2051,GO:0005576
CHEMBL429017,CHEMBL2074,O43451
CHEMBL429017,CHEMBL1971,O60706
CHEMBL429017,CHEMBL1827,O76074
CHEMBL429017,CHEMBL1859,O95180
CHEMBL429017,CHEMBL1884,O96760
CHEMBL429017,CHEMBL202,P00374
CHEMBL429017,CHEMBL1809,GO:0009257
CHEMBL429017,CHEMBL1862,P00519
CHEMBL429017,CHEMBL203,GO:0007166
CHEMBL429017,CHEMBL1852,GO:0003899
CHEMBL429017,CHEMBL204,GO:0009897
CHEMBL429017,CHEMBL1801,P00747
CHEMBL429017,CHEMBL2065,P62593
CHEMBL429017,CHEMBL1910,P00813
CHEMBL429017,CHEMBL205,GO:0004064
CHEMBL429017,CHEMBL1950,P01008
CHEMBL429017,CHEMBL2066,P63316
CHEMBL429017,CHEMBL1813,P02918
CHEMBL429017,CHEMBL206,GO:0045944
CHEMBL429017,CHEMBL2051,GO:0005576
CHEMBL6361,CHEMBL2074,O43451
CHEMBL6361,CHEMBL1971,O60706
CHEMBL6361,CHEMBL1827,O76074
CHEMBL6361,CHEMBL1859,O95180
CHEMBL6361,CHEMBL1884,O96760
CHEMBL6361,CHEMBL202,P00374
CHEMBL6361,CHEMBL1809,GO:0009257
CHEMBL6361,CHEMBL1862,P00519
CHEMBL6361,CHEMBL203,GO:0007166
CHEMBL6361,CHEMBL1852,GO:0003899
CHEMBL6361,CHEMBL204,GO:0009897
CHEMBL6361,CHEMBL1801,P00747
CHEMBL6361,CHEMBL2065,P62593
CHEMBL6361,CHEMBL1910,P00813
CHEMBL6361,CHEMBL205,GO:0004064
CHEMBL6361,CHEMBL1950,P01008
CHEMBL6361,CHEMBL2066,P63316
CHEMBL6361,CHEMBL1813,P02918
CHEMBL6361,CHEMBL206,GO:0045944
CHEMBL6361,CHEMBL2051,GO:0005576
CHEMBL6212,CHEMBL2074,O43451
CHEMBL6212,CHEMBL1971,O60706
CHEMBL6212,CHEMBL1827,O76074
CHEMBL6212,CHEMBL1859,O95180
CHEMBL6212,CHEMBL1884,O96760
CHEMBL6212,CHEMBL202,P00374
CHEMBL6212,CHEMBL1809,GO:0009257
CHEMBL6212,CHEMBL1862,P00519
CHEMBL6212,CHEMBL203,GO:0007166
CHEMBL6212,CHEMBL1852,GO:0003899
CHEMBL6212,CHEMBL204,GO:0009897
CHEMBL6212,CHEMBL1801,P00747
CHEMBL6212,CHEMBL2065,P62593
CHEMBL6212,CHEMBL1910,P00813
CHEMBL6212,CHEMBL205,GO:0004064
CHEMBL6212,CHEMBL1950,P01008
CHEMBL6212,CHEMBL2066,P63316
CHEMBL6212,CHEMBL1813,P02918
CHEMBL6212,CHEMBL206,GO:0045944
CHEMBL6212,CHEMBL2051,GO:0005576
CHEMBL258254,CHEMBL2074,O43451
CHEMBL258254,CHEMBL1971,O60706
CHEMBL258254,CHEMBL1827,O76074
CHEMBL258254,CHEMBL1859,O95180
CHEMBL258254,CHEMBL1884,O96760
CHEMBL258254,CHEMBL202,P00374
CHEMBL258254,CHEMBL1809,GO:0009257
CHEMBL258254,CHEMBL1862,P00519
CHEMBL258254,CHEMBL203,GO:0007166
CHEMBL258254,CHEMBL1852,GO:0003899
CHEMBL258254,CHEMBL204,GO:0009897
CHEMBL258254,CHEMBL1801,P00747
CHEMBL258254,CHEMBL2065,P62593
CHEMBL258254,CHEMBL1910,P00813
CHEMBL258254,CHEMBL205,GO:0004064
CHEMBL258254,CHEMBL1950,P01008
CHEMBL258254,CHEMBL2066,P63316
CHEMBL258254,CHEMBL1813,P02918
CHEMBL258254,CHEMBL206,GO:0045944
CHEMBL258254,CHEMBL2051,GO:0005576
CHEMBL266885,CHEMBL2074,O43451
CHEMBL266885,CHEMBL1971,O60706
CHEMBL266885,CHEMBL1827,O76074
CHEMBL266885,CHEMBL1859,O95180
CHEMBL266885,CHEMBL1884,O96760
CHEMBL266885,CHEMBL202,P00374
CHEMBL266885,CHEMBL1809,GO:0009257
CHEMBL266885,CHEMBL1862,P00519
CHEMBL266885,CHEMBL203,GO:0007166
CHEMBL266885,CHEMBL1852,GO:0003899
CHEMBL266885,CHEMBL204,GO:0009897
CHEMBL266885,CHEMBL1801,P00747
CHEMBL266885,CHEMBL2065,P62593
CHEMBL266885,CHEMBL1910,P00813
CHEMBL266885,CHEMBL205,GO:0004064
CHEMBL266885,CHEMBL1950,P01008
CHEMBL266885,CHEMBL2066,P63316
CHEMBL266885,CHEMBL1813,P02918
CHEMBL266885,CHEMBL206,GO:0045944
CHEMBL266885,CHEMBL2051,GO:0005576
CHEMBL446445,CHEMBL2074,O43451
CHEMBL446445,CHEMBL1971,O60706
CHEMBL446445,CHEMBL1827,O76074
CHEMBL446445,CHEMBL1859,O95180
CHEMBL446445,CHEMBL1884,O96760
CHEMBL446445,CHEMBL202,P00374
CHEMBL446445,CHEMBL1809,GO:0009257
CHEMBL446445,CHEMBL1862,P00519
CHEMBL446445,CHEMBL203,GO:0007166
CHEMBL446445,CHEMBL1852,GO:0003899
CHEMBL446445,CHEMBL204,GO:0009897
CHEMBL446445,CHEMBL1801,P00747
CHEMBL446445,CHEMBL2065,P62593
CHEMBL446445,CHEMBL1910,P00813
CHEMBL446445,CHEMBL205,GO:0004064
CHEMBL446445,CHEMBL1950,P01008
CHEMBL446445,CHEMBL2066,P63316
CHEMBL446445,CHEMBL1813,P02918
CHEMBL446445,CHEMBL206,GO:0045944
CHEMBL446445,CHEMBL2051,GO:0005576
CHEMBL6356,CHEMBL2074,O43451
CHEMBL6356,CHEMBL1971,O60706
CHEMBL6356,CHEMBL1827,O76074
CHEMBL6356,CHEMBL1859,O95180
CHEMBL6356,CHEMBL1884,O96760
CHEMBL6356,CHEMBL202,P00374
CHEMBL6356,CHEMBL1809,GO:0009257
CHEMBL6356,CHEMBL1862,P00519
CHEMBL6356,CHEMBL203,GO:0007166
CHEMBL6356,CHEMBL1852,GO:0003899
CHEMBL6356,CHEMBL204,GO:0009897
CHEMBL6356,CHEMBL1801,P00747
CHEMBL6356,CHEMBL2065,P62593
CHEMBL6356,CHEMBL1910,P00813
CHEMBL6356,CHEMBL205,GO:0004064
CHEMBL6356,CHEMBL1950,P01008
CHEMBL6356,CHEMBL2066,P63316
CHEMBL6356,CHEMBL1813,P02918
CHEMBL6356,CHEMBL206,GO:0045944
CHEMBL6356,CHEMBL2051,GO:0005576
CHEMBL269729,CHEMBL2074,O43451
CHEMBL269729,CHEMBL1971,O60706
CHEMBL269729,CHEMBL1827,O76074
CHEMBL269729,CHEMBL1859,O95180
CHEMBL269729,CHEMBL1884,O96760
CHEMBL269729,CHEMBL202,P00374
CHEMBL269729,CHEMBL1809,GO:0009257
CHEMBL269729,CHEMBL1862,P00519
CHEMBL269729,CHEMBL203,GO:0007166
CHEMBL269729,CHEMBL1852,GO:0003899
CHEMBL269729,CHEMBL204,GO:0009897
CHEMBL269729,CHEMBL1801,P00747
CHEMBL269729,CHEMBL2065,P62593
CHEMBL269729,CHEMBL1910,P00813
CHEMBL269729,CHEMBL205,GO:0004064
CHEMBL269729,CHEMBL1950,P01008
CHEMBL269729,CHEMBL2066,P63316
CHEMBL269729,CHEMBL1813,P02918
CHEMBL269729,CHEMBL206,GO:0045944
CHEMBL269729,CHEMBL2051,GO:0005576
CHEMBL6344,CHEMBL2074,O43451
CHEMBL6344,CHEMBL1971,O60706
CHEMBL6344,CHEMBL1827,O76074
CHEMBL6344,CHEMBL1859,O95180
CHEMBL6344,CHEMBL1884,O96760
CHEMBL6344,CHEMBL202,P00374
CHEMBL6344,CHEMBL1809,GO:0009257
CHEMBL6344,CHEMBL1862,P00519
CHEMBL6344,CHEMBL203,GO:0007166
CHEMBL6344,CHEMBL1852,GO:0003899
CHEMBL6344,CHEMBL204,GO:0009897
CHEMBL6344,CHEMBL1801,P00747
CHEMBL6344,CHEMBL2065,P62593
CHEMBL6344,CHEMBL1910,P00813
CHEMBL6344,CHEMBL205,GO:0004064
CHEMBL6344,CHEMBL1950,P01008
CHEMBL6344,CHEMBL2066,P63316
CHEMBL6344,CHEMBL1813,P02918
CHEMBL6344,CHEMBL206,GO:0045944
CHEMBL6344,CHEMBL2051,GO:0005576
CHEMBL6207,CHEMBL2074,O43451
CHEMBL6207,CHEMBL1971,O60706
CHEMBL6207,CHEMBL1827,O76074
CHEMBL6207,CHEMBL1859,O95180
CHEMBL6207,CHEMBL1884,O96760
CHEMBL6207,CHEMBL202,P00374
CHEMBL6207,CHEMBL1809,GO:0009257
CHEMBL6207,CHEMBL1862,P00519
CHEMBL6207,CHEMBL203,GO:0007166
CHEMBL6207,CHEMBL1852,GO:0003899
CHEMBL6207,CHEMBL204,GO:0009897
CHEMBL6207,CHEMBL1801,P00747
CHEMBL6207,CHEMBL2065,P62593
CHEMBL6207,CHEMBL1910,P00813
CHEMBL6207,CHEMBL205,GO:0004064
CHEMBL6207,CHEMBL1950,P01008
CHEMBL6207,CHEMBL2066,P63316
CHEMBL6207,CHEMBL1813,P02918
CHEMBL6207,CHEMBL206,GO:0045944
CHEMBL6207,CHEMBL2051,GO:0005576
CHEMBL6315,CHEMBL2074,O43451
CHEMBL6315,CHEMBL1971,O60706
CHEMBL6315,CHEMBL1827,O76074
CHEMBL6315,CHEMBL1859,O95180
CHEMBL6315,CHEMBL1884,O96760
CHEMBL6315,CHEMBL202,P00374
CHEMBL6315,CHEMBL1809,GO:0009257
CHEMBL6315,CHEMBL1862,P00519
CHEMBL6315,CHEMBL203,GO:0007166
CHEMBL6315,CHEMBL1852,GO:0003899
CHEMBL6315,CHEMBL204,GO:0009897
CHEMBL6315,CHEMBL1801,P00747
CHEMBL6315,CHEMBL2065,P62593
CHEMBL6315,CHEMBL1910,P00813
CHEMBL6315,CHEMBL205,GO:0004064
CHEMBL6315,CHEMBL1950,P01008
CHEMBL6315,CHEMBL2066,P63316
CHEMBL6315,CHEMBL1813,P02918
CHEMBL6315,CHEMBL206,GO:0045944
CHEMBL6315,CHEMBL2051,GO:0005576
CHEMBL266223,CHEMBL2074,O43451
CHEMBL266223,CHEMBL1971,O60706
CHEMBL266223,CHEMBL1827,O76074
CHEMBL266223,CHEMBL1859,O95180
CHEMBL266223,CHEMBL1884,O96760
CHEMBL266223,CHEMBL202,P00374
CHEMBL266223,CHEMBL1809,GO:0009257
CHEMBL266223,CHEMBL1862,P00519
CHEMBL266223,CHEMBL203,GO:0007166
CHEMBL266223,CHEMBL1852,GO:0003899
CHEMBL266223,CHEMBL204,GO:0009897
CHEMBL266223,CHEMBL1801,P00747
CHEMBL266223,CHEMBL2065,P62593
CHEMBL266223,CHEMBL1910,P00813
CHEMBL266223,CHEMBL205,GO:0004064
CHEMBL266223,CHEMBL1950,P01008
CHEMBL266223,CHEMBL2066,P63316
CHEMBL266223,CHEMBL1813,P02918
CHEMBL266223,CHEMBL206,GO:0045944
CHEMBL266223,CHEMBL2051,GO:0005576
CHEMBL263077,CHEMBL2074,O43451
CHEMBL263077,CHEMBL1971,O60706
CHEMBL263077,CHEMBL1827,O76074
CHEMBL263077,CHEMBL1859,O95180
CHEMBL263077,CHEMBL1884,O96760
CHEMBL263077,CHEMBL202,P00374
CHEMBL263077,CHEMBL1809,GO:0009257
CHEMBL263077,CHEMBL1862,P00519
CHEMBL263077,CHEMBL203,GO:0007166
CHEMBL263077,CHEMBL1852,GO:0003899
CHEMBL263077,CHEMBL204,GO:0009897
CHEMBL263077,CHEMBL1801,P00747
CHEMBL263077,CHEMBL2065,P62593
CHEMBL263077,CHEMBL1910,P00813
CHEMBL263077,CHEMBL205,GO:0004064
CHEMBL263077,CHEMBL1950,P01008
CHEMBL263077,CHEMBL2066,P63316
CHEMBL263077,CHEMBL1813,P02918
CHEMBL263077,CHEMBL206,GO:0045944
CHEMBL263077,CHEMBL2051,GO:0005576
CHEMBL6347,CHEMBL2074,O43451
CHEMBL6347,CHEMBL1971,O60706
CHEMBL6347,CHEMBL1827,O76074
CHEMBL6347,CHEMBL1859,O95180
CHEMBL6347,CHEMBL1884,O96760
CHEMBL6347,CHEMBL202,P00374
CHEMBL6347,CHEMBL1809,GO:0009257
CHEMBL6347,CHEMBL1862,P00519
CHEMBL6347,CHEMBL203,GO:0007166
CHEMBL6347,CHEMBL1852,GO:0003899
CHEMBL6347,CHEMBL204,GO:0009897
CHEMBL6347,CHEMBL1801,P00747
CHEMBL6347,CHEMBL2065,P62593
CHEMBL6347,CHEMBL1910,P00813
CHEMBL6347,CHEMBL205,GO:0004064
CHEMBL6347,CHEMBL1950,P01008
CHEMBL6347,CHEMBL2066,P63316
CHEMBL6347,CHEMBL1813,P02918
CHEMBL6347,CHEMBL206,GO:0045944
CHEMBL6347,CHEMBL2051,GO:0005576
CHEMBL6348,CHEMBL2074,O43451
CHEMBL6348,CHEMBL1971,O60706
CHEMBL6348,CHEMBL1827,O76074
CHEMBL6348,CHEMBL1859,O95180
CHEMBL6348,CHEMBL1884,O96760
CHEMBL6348,CHEMBL202,P00374
CHEMBL6348,CHEMBL1809,GO:0009257
CHEMBL6348,CHEMBL1862,P00519
CHEMBL6348,CHEMBL203,GO:0007166
CHEMBL6348,CHEMBL1852,GO:0003899
CHEMBL6348,CHEMBL204,GO:0009897
CHEMBL6348,CHEMBL1801,P00747
CHEMBL6348,CHEMBL2065,P62593
CHEMBL6348,CHEMBL1910,P00813
CHEMBL6348,CHEMBL205,GO:0004064
CHEMBL6348,CHEMBL1950,P01008
CHEMBL6348,CHEMBL2066,P63316
CHEMBL6348,CHEMBL1813,P02918
CHEMBL6348,CHEMBL206,GO:0045944
CHEMBL6348,CHEMBL2051,GO:0005576
CHEMBL6339,CHEMBL2074,O43451
CHEMBL6339,CHEMBL1971,O60706
CHEMBL6339,CHEMBL1827,O76074
CHEMBL6339,CHEMBL1859,O95180
CHEMBL6339,CHEMBL1884,O96760
CHEMBL6339,CHEMBL202,P00374
CHEMBL6339,CHEMBL1809,GO:0009257
CHEMBL6339,CHEMBL1862,P00519
CHEMBL6339,CHEMBL203,GO:0007166
CHEMBL6339,CHEMBL1852,GO:0003899
CHEMBL6339,CHEMBL204,GO:0009897
CHEMBL6339,CHEMBL1801,P00747
CHEMBL6339,CHEMBL2065,P62593
CHEMBL6339,CHEMBL1910,P00813
CHEMBL6339,CHEMBL205,GO:0004064
CHEMBL6339,CHEMBL1950,P01008
CHEMBL6339,CHEMBL2066,P63316
CHEMBL6339,CHEMBL1813,P02918
CHEMBL6339,CHEMBL206,GO:0045944
CHEMBL6339,CHEMBL2051,GO:0005576
CHEMBL6340,CHEMBL2074,O43451
CHEMBL6340,CHEMBL1971,O60706
CHEMBL6340,CHEMBL1827,O76074
CHEMBL6340,CHEMBL1859,O95180
CHEMBL6340,CHEMBL1884,O96760
CHEMBL6340,CHEMBL202,P00374
CHEMBL6340,CHEMBL1809,GO:0009257
CHEMBL6340,CHEMBL1862,P00519
CHEMBL6340,CHEMBL203,GO:0007166
CHEMBL6340,CHEMBL1852,GO:0003899
CHEMBL6340,CHEMBL204,GO:0009897
CHEMBL6340,CHEMBL1801,P00747
CHEMBL6340,CHEMBL2065,P62593
CHEMBL6340,CHEMBL1910,P00813
CHEMBL6340,CHEMBL205,GO:0004064
CHEMBL6340,CHEMBL1950,P01008
CHEMBL6340,CHEMBL2066,P63316
CHEMBL6340,CHEMBL1813,P02918
CHEMBL6340,CHEMBL206,GO:0045944
CHEMBL6340,CHEMBL2051,GO:0005576
CHEMBL268768,CHEMBL2074,O43451
CHEMBL268768,CHEMBL1971,O60706
CHEMBL268768,CHEMBL1827,O76074
CHEMBL268768,CHEMBL1859,O95180
CHEMBL268768,CHEMBL1884,O96760
CHEMBL268768,CHEMBL202,P00374
CHEMBL268768,CHEMBL1809,GO:0009257
CHEMBL268768,CHEMBL1862,P00519
CHEMBL268768,CHEMBL203,GO:0007166
CHEMBL268768,CHEMBL1852,GO:0003899
CHEMBL268768,CHEMBL204,GO:0009897
CHEMBL268768,CHEMBL1801,P00747
CHEMBL268768,CHEMBL2065,P62593
CHEMBL268768,CHEMBL1910,P00813
CHEMBL268768,CHEMBL205,GO:0004064
CHEMBL268768,CHEMBL1950,P01008
CHEMBL268768,CHEMBL2066,P63316
CHEMBL268768,CHEMBL1813,P02918
CHEMBL268768,CHEMBL206,GO:0045944
CHEMBL268768,CHEMBL2051,GO:0005576
CHEMBL6358,CHEMBL2074,O43451
CHEMBL6358,CHEMBL1971,O60706
CHEMBL6358,CHEMBL1827,O76074
CHEMBL6358,CHEMBL1859,O95180
CHEMBL6358,CHEMBL1884,O96760
CHEMBL6358,CHEMBL202,P00374
CHEMBL6358,CHEMBL1809,GO:0009257
CHEMBL6358,CHEMBL1862,P00519
CHEMBL6358,CHEMBL203,GO:0007166
CHEMBL6358,CHEMBL1852,GO:0003899
CHEMBL6358,CHEMBL204,GO:0009897
CHEMBL6358,CHEMBL1801,P00747
CHEMBL6358,CHEMBL2065,P62593
CHEMBL6358,CHEMBL1910,P00813
CHEMBL6358,CHEMBL205,GO:0004064
CHEMBL6358,CHEMBL1950,P01008
CHEMBL6358,CHEMBL2066,P63316
CHEMBL6358,CHEMBL1813,P02918
CHEMBL6358,CHEMBL206,GO:0045944
CHEMBL6358,CHEMBL2051,GO:0005576
CHEMBL6351,CHEMBL2074,O43451
CHEMBL6351,CHEMBL1971,O60706
CHEMBL6351,CHEMBL1827,O76074
CHEMBL6351,CHEMBL1859,O95180
CHEMBL6351,CHEMBL1884,O96760
CHEMBL6351,CHEMBL202,P00374
CHEMBL6351,CHEMBL1809,GO:0009257
CHEMBL6351,CHEMBL1862,P00519
CHEMBL6351,CHEMBL203,GO:0007166
CHEMBL6351,CHEMBL1852,GO:0003899
CHEMBL6351,CHEMBL204,GO:0009897
CHEMBL6351,CHEMBL1801,P00747
CHEMBL6351,CHEMBL2065,P62593
CHEMBL6351,CHEMBL1910,P00813
CHEMBL6351,CHEMBL205,GO:0004064
CHEMBL6351,CHEMBL1950,P01008
CHEMBL6351,CHEMBL2066,P63316
CHEMBL6351,CHEMBL1813,P02918
CHEMBL6351,CHEMBL206,GO:0045944
CHEMBL6351,CHEMBL2051,GO:0005576
CHEMBL6342,CHEMBL2074,O43451
CHEMBL6342,CHEMBL1971,O60706
CHEMBL6342,CHEMBL1827,O76074
CHEMBL6342,CHEMBL1859,O95180
CHEMBL6342,CHEMBL1884,O96760
CHEMBL6342,CHEMBL202,P00374
CHEMBL6342,CHEMBL1809,GO:0009257
CHEMBL6342,CHEMBL1862,P00519
CHEMBL6342,CHEMBL203,GO:0007166
CHEMBL6342,CHEMBL1852,GO:0003899
CHEMBL6342,CHEMBL204,GO:0009897
CHEMBL6342,CHEMBL1801,P00747
CHEMBL6342,CHEMBL2065,P62593
CHEMBL6342,CHEMBL1910,P00813
CHEMBL6342,CHEMBL205,GO:0004064
CHEMBL6342,CHEMBL1950,P01008
CHEMBL6342,CHEMBL2066,P63316
CHEMBL6342,CHEMBL1813,P02918
CHEMBL6342,CHEMBL206,GO:0045944
CHEMBL6342,CHEMBL2051,GO:0005576
CHEMBL6218,CHEMBL2074,O43451
CHEMBL6218,CHEMBL1971,O60706
CHEMBL6218,CHEMBL1827,O76074
CHEMBL6218,CHEMBL1859,O95180
CHEMBL6218,CHEMBL1884,O96760
CHEMBL6218,CHEMBL202,P00374
CHEMBL6218,CHEMBL1809,GO:0009257
CHEMBL6218,CHEMBL1862,P00519
CHEMBL6218,CHEMBL203,GO:0007166
CHEMBL6218,CHEMBL1852,GO:0003899
CHEMBL6218,CHEMBL204,GO:0009897
CHEMBL6218,CHEMBL1801,P00747
CHEMBL6218,CHEMBL2065,P62593
CHEMBL6218,CHEMBL1910,P00813
CHEMBL6218,CHEMBL205,GO:0004064
CHEMBL6218,CHEMBL1950,P01008
CHEMBL6218,CHEMBL2066,P63316
CHEMBL6218,CHEMBL1813,P02918
CHEMBL6218,CHEMBL206,GO:0045944
CHEMBL6218,CHEMBL2051,GO:0005576
CHEMBL6219,CHEMBL2074,O43451
CHEMBL6219,CHEMBL1971,O60706
CHEMBL6219,CHEMBL1827,O76074
CHEMBL6219,CHEMBL1859,O95180
CHEMBL6219,CHEMBL1884,O96760
CHEMBL6219,CHEMBL202,P00374
CHEMBL6219,CHEMBL1809,GO:0009257
CHEMBL6219,CHEMBL1862,P00519
CHEMBL6219,CHEMBL203,GO:0007166
CHEMBL6219,CHEMBL1852,GO:0003899
CHEMBL6219,CHEMBL204,GO:0009897
CHEMBL6219,CHEMBL1801,P00747
CHEMBL6219,CHEMBL2065,P62593
CHEMBL6219,CHEMBL1910,P00813
CHEMBL6219,CHEMBL205,GO:0004064
CHEMBL6219,CHEMBL1950,P01008
CHEMBL6219,CHEMBL2066,P63316
CHEMBL6219,CHEMBL1813,P02918
CHEMBL6219,CHEMBL206,GO:0045944
CHEMBL6219,CHEMBL2051,GO:0005576
CHEMBL6208,CHEMBL2074,O43451
CHEMBL6208,CHEMBL1971,O60706
CHEMBL6208,CHEMBL1827,O76074
CHEMBL6208,CHEMBL1859,O95180
CHEMBL6208,CHEMBL1884,O96760
CHEMBL6208,CHEMBL202,P00374
CHEMBL6208,CHEMBL1809,GO:0009257
CHEMBL6208,CHEMBL1862,P00519
CHEMBL6208,CHEMBL203,GO:0007166
CHEMBL6208,CHEMBL1852,GO:0003899
CHEMBL6208,CHEMBL204,GO:0009897
CHEMBL6208,CHEMBL1801,P00747
CHEMBL6208,CHEMBL2065,P62593
CHEMBL6208,CHEMBL1910,P00813
CHEMBL6208,CHEMBL205,GO:0004064
CHEMBL6208,CHEMBL1950,P01008
CHEMBL6208,CHEMBL2066,P63316
CHEMBL6208,CHEMBL1813,P02918
CHEMBL6208,CHEMBL206,GO:0045944
CHEMBL6208,CHEMBL2051,GO:0005576
CHEMBL429379,CHEMBL2074,O43451
CHEMBL429379,CHEMBL1971,O60706
CHEMBL429379,CHEMBL1827,O76074
CHEMBL429379,CHEMBL1859,O95180
CHEMBL429379,CHEMBL1884,O96760
CHEMBL429379,CHEMBL202,P00374
CHEMBL429379,CHEMBL1809,GO:0009257
CHEMBL429379,CHEMBL1862,P00519
CHEMBL429379,CHEMBL203,GO:0007166
CHEMBL429379,CHEMBL1852,GO:0003899
CHEMBL429379,CHEMBL204,GO:0009897
CHEMBL429379,CHEMBL1801,P00747
CHEMBL429379,CHEMBL2065,P62593
CHEMBL429379,CHEMBL1910,P00813
CHEMBL429379,CHEMBL205,GO:0004064
CHEMBL429379,CHEMBL1950,P01008
CHEMBL429379,CHEMBL2066,P63316
CHEMBL429379,CHEMBL1813,P02918
CHEMBL429379,CHEMBL206,GO:0045944
CHEMBL429379,CHEMBL2051,GO:0005576
CHEMBL415285,CHEMBL2074,O43451
CHEMBL415285,CHEMBL1971,O60706
CHEMBL415285,CHEMBL1827,O76074
CHEMBL415285,CHEMBL1859,O95180
CHEMBL415285,CHEMBL1884,O96760
CHEMBL415285,CHEMBL202,P00374
CHEMBL415285,CHEMBL1809,GO:0009257
CHEMBL415285,CHEMBL1862,P00519
CHEMBL415285,CHEMBL203,GO:0007166
CHEMBL415285,CHEMBL1852,GO:0003899
CHEMBL415285,CHEMBL204,GO:0009897
CHEMBL415285,CHEMBL1801,P00747
CHEMBL415285,CHEMBL2065,P62593
CHEMBL415285,CHEMBL1910,P00813
CHEMBL415285,CHEMBL205,GO:0004064
CHEMBL415285,CHEMBL1950,P01008
CHEMBL415285,CHEMBL2066,P63316
CHEMBL415285,CHEMBL1813,P02918
CHEMBL415285,CHEMBL206,GO:0045944
CHEMBL415285,CHEMBL2051,GO:0005576
CHEMBL264721,CHEMBL2074,O43451
CHEMBL264721,CHEMBL1971,O60706
CHEMBL264721,CHEMBL1827,O76074
CHEMBL264721,CHEMBL1859,O95180
CHEMBL264721,CHEMBL1884,O96760
CHEMBL264721,CHEMBL202,P00374
CHEMBL264721,CHEMBL1809,GO:0009257
CHEMBL264721,CHEMBL1862,P00519
CHEMBL264721,CHEMBL203,GO:0007166
CHEMBL264721,CHEMBL1852,GO:0003899
CHEMBL264721,CHEMBL204,GO:0009897
CHEMBL264721,CHEMBL1801,P00747
CHEMBL264721,CHEMBL2065,P62593
CHEMBL264721,CHEMBL1910,P00813
CHEMBL264721,CHEMBL205,GO:0004064
CHEMBL264721,CHEMBL1950,P01008
CHEMBL264721,CHEMBL2066,P63316
CHEMBL264721,CHEMBL1813,P02918
CHEMBL264721,CHEMBL206,GO:0045944
CHEMBL264721,CHEMBL2051,GO:0005576
CHEMBL415286,CHEMBL2074,O43451
CHEMBL415286,CHEMBL1971,O60706
CHEMBL415286,CHEMBL1827,O76074
CHEMBL415286,CHEMBL1859,O95180
CHEMBL415286,CHEMBL1884,O96760
CHEMBL415286,CHEMBL202,P00374
CHEMBL415286,CHEMBL1809,GO:0009257
CHEMBL415286,CHEMBL1862,P00519
CHEMBL415286,CHEMBL203,GO:0007166
CHEMBL415286,CHEMBL1852,GO:0003899
CHEMBL415286,CHEMBL204,GO:0009897
CHEMBL415286,CHEMBL1801,P00747
CHEMBL415286,CHEMBL2065,P62593
CHEMBL415286,CHEMBL1910,P00813
CHEMBL415286,CHEMBL205,GO:0004064
CHEMBL415286,CHEMBL1950,P01008
CHEMBL415286,CHEMBL2066,P63316
CHEMBL415286,CHEMBL1813,P02918
CHEMBL415286,CHEMBL206,GO:0045944
CHEMBL415286,CHEMBL2051,GO:0005576
CHEMBL6226,CHEMBL2074,O43451
CHEMBL6226,CHEMBL1971,O60706
CHEMBL6226,CHEMBL1827,O76074
CHEMBL6226,CHEMBL1859,O95180
CHEMBL6226,CHEMBL1884,O96760
CHEMBL6226,CHEMBL202,P00374
CHEMBL6226,CHEMBL1809,GO:0009257
CHEMBL6226,CHEMBL1862,P00519
CHEMBL6226,CHEMBL203,GO:0007166
CHEMBL6226,CHEMBL1852,GO:0003899
CHEMBL6226,CHEMBL204,GO:0009897
CHEMBL6226,CHEMBL1801,P00747
CHEMBL6226,CHEMBL2065,P62593
CHEMBL6226,CHEMBL1910,P00813
CHEMBL6226,CHEMBL205,GO:0004064
CHEMBL6226,CHEMBL1950,P01008
CHEMBL6226,CHEMBL2066,P63316
CHEMBL6226,CHEMBL1813,P02918
CHEMBL6226,CHEMBL206,GO:0045944
CHEMBL6226,CHEMBL2051,GO:0005576
CHEMBL6236,CHEMBL2074,O43451
CHEMBL6236,CHEMBL1971,O60706
CHEMBL6236,CHEMBL1827,O76074
CHEMBL6236,CHEMBL1859,O95180
CHEMBL6236,CHEMBL1884,O96760
CHEMBL6236,CHEMBL202,P00374
CHEMBL6236,CHEMBL1809,GO:0009257
CHEMBL6236,CHEMBL1862,P00519
CHEMBL6236,CHEMBL203,GO:0007166
CHEMBL6236,CHEMBL1852,GO:0003899
CHEMBL6236,CHEMBL204,GO:0009897
CHEMBL6236,CHEMBL1801,P00747
CHEMBL6236,CHEMBL2065,P62593
CHEMBL6236,CHEMBL1910,P00813
CHEMBL6236,CHEMBL205,GO:0004064
CHEMBL6236,CHEMBL1950,P01008
CHEMBL6236,CHEMBL2066,P63316
CHEMBL6236,CHEMBL1813,P02918
CHEMBL6236,CHEMBL206,GO:0045944
CHEMBL6236,CHEMBL2051,GO:0005576
CHEMBL6237,CHEMBL2074,O43451
CHEMBL6237,CHEMBL1971,O60706
CHEMBL6237,CHEMBL1827,O76074
CHEMBL6237,CHEMBL1859,O95180
CHEMBL6237,CHEMBL1884,O96760
CHEMBL6237,CHEMBL202,P00374
CHEMBL6237,CHEMBL1809,GO:0009257
CHEMBL6237,CHEMBL1862,P00519
CHEMBL6237,CHEMBL203,GO:0007166
CHEMBL6237,CHEMBL1852,GO:0003899
CHEMBL6237,CHEMBL204,GO:0009897
CHEMBL6237,CHEMBL1801,P00747
CHEMBL6237,CHEMBL2065,P62593
CHEMBL6237,CHEMBL1910,P00813
CHEMBL6237,CHEMBL205,GO:0004064
CHEMBL6237,CHEMBL1950,P01008
CHEMBL6237,CHEMBL2066,P63316
CHEMBL6237,CHEMBL1813,P02918
CHEMBL6237,CHEMBL206,GO:0045944
CHEMBL6237,CHEMBL2051,GO:0005576
CHEMBL6238,CHEMBL2074,O43451
CHEMBL6238,CHEMBL1971,O60706
CHEMBL6238,CHEMBL1827,O76074
CHEMBL6238,CHEMBL1859,O95180
CHEMBL6238,CHEMBL1884,O96760
CHEMBL6238,CHEMBL202,P00374
CHEMBL6238,CHEMBL1809,GO:0009257
CHEMBL6238,CHEMBL1862,P00519
CHEMBL6238,CHEMBL203,GO:0007166
CHEMBL6238,CHEMBL1852,GO:0003899
CHEMBL6238,CHEMBL204,GO:0009897
CHEMBL6238,CHEMBL1801,P00747
CHEMBL6238,CHEMBL2065,P62593
CHEMBL6238,CHEMBL1910,P00813
CHEMBL6238,CHEMBL205,GO:0004064
CHEMBL6238,CHEMBL1950,P01008
CHEMBL6238,CHEMBL2066,P63316
CHEMBL6238,CHEMBL1813,P02918
CHEMBL6238,CHEMBL206,GO:0045944
CHEMBL6238,CHEMBL2051,GO:0005576
CHEMBL266484,CHEMBL2074,O43451
CHEMBL266484,CHEMBL1971,O60706
CHEMBL266484,CHEMBL1827,O76074
CHEMBL266484,CHEMBL1859,O95180
CHEMBL266484,CHEMBL1884,O96760
CHEMBL266484,CHEMBL202,P00374
CHEMBL266484,CHEMBL1809,GO:0009257
CHEMBL266484,CHEMBL1862,P00519
CHEMBL266484,CHEMBL203,GO:0007166
CHEMBL266484,CHEMBL1852,GO:0003899
CHEMBL266484,CHEMBL204,GO:0009897
CHEMBL266484,CHEMBL1801,P00747
CHEMBL266484,CHEMBL2065,P62593
CHEMBL266484,CHEMBL1910,P00813
CHEMBL266484,CHEMBL205,GO:0004064
CHEMBL266484,CHEMBL1950,P01008
CHEMBL266484,CHEMBL2066,P63316
CHEMBL266484,CHEMBL1813,P02918
CHEMBL266484,CHEMBL206,GO:0045944
CHEMBL266484,CHEMBL2051,GO:0005576
CHEMBL6239,CHEMBL2074,O43451
CHEMBL6239,CHEMBL1971,O60706
CHEMBL6239,CHEMBL1827,O76074
CHEMBL6239,CHEMBL1859,O95180
CHEMBL6239,CHEMBL1884,O96760
CHEMBL6239,CHEMBL202,P00374
CHEMBL6239,CHEMBL1809,GO:0009257
CHEMBL6239,CHEMBL1862,P00519
CHEMBL6239,CHEMBL203,GO:0007166
CHEMBL6239,CHEMBL1852,GO:0003899
CHEMBL6239,CHEMBL204,GO:0009897
CHEMBL6239,CHEMBL1801,P00747
CHEMBL6239,CHEMBL2065,P62593
CHEMBL6239,CHEMBL1910,P00813
CHEMBL6239,CHEMBL205,GO:0004064
CHEMBL6239,CHEMBL1950,P01008
CHEMBL6239,CHEMBL2066,P63316
CHEMBL6239,CHEMBL1813,P02918
CHEMBL6239,CHEMBL206,GO:0045944
CHEMBL6239,CHEMBL2051,GO:0005576
CHEMBL6240,CHEMBL2074,O43451
CHEMBL6240,CHEMBL1971,O60706
CHEMBL6240,CHEMBL1827,O76074
CHEMBL6240,CHEMBL1859,O95180
CHEMBL6240,CHEMBL1884,O96760
CHEMBL6240,CHEMBL202,P00374
CHEMBL6240,CHEMBL1809,GO:0009257
CHEMBL6240,CHEMBL1862,P00519
CHEMBL6240,CHEMBL203,GO:0007166
CHEMBL6240,CHEMBL1852,GO:0003899
CHEMBL6240,CHEMBL204,GO:0009897
CHEMBL6240,CHEMBL1801,P00747
CHEMBL6240,CHEMBL2065,P62593
CHEMBL6240,CHEMBL1910,P00813
CHEMBL6240,CHEMBL205,GO:0004064
CHEMBL6240,CHEMBL1950,P01008
CHEMBL6240,CHEMBL2066,P63316
CHEMBL6240,CHEMBL1813,P02918
CHEMBL6240,CHEMBL206,GO:0045944
CHEMBL6240,CHEMBL2051,GO:0005576
CHEMBL6243,CHEMBL2074,O43451
CHEMBL6243,CHEMBL1971,O60706
CHEMBL6243,CHEMBL1827,O76074
CHEMBL6243,CHEMBL1859,O95180
CHEMBL6243,CHEMBL1884,O96760
CHEMBL6243,CHEMBL202,P00374
CHEMBL6243,CHEMBL1809,GO:0009257
CHEMBL6243,CHEMBL1862,P00519
CHEMBL6243,CHEMBL203,GO:0007166
CHEMBL6243,CHEMBL1852,GO:0003899
CHEMBL6243,CHEMBL204,GO:0009897
CHEMBL6243,CHEMBL1801,P00747
CHEMBL6243,CHEMBL2065,P62593
CHEMBL6243,CHEMBL1910,P00813
CHEMBL6243,CHEMBL205,GO:0004064
CHEMBL6243,CHEMBL1950,P01008
CHEMBL6243,CHEMBL2066,P63316
CHEMBL6243,CHEMBL1813,P02918
CHEMBL6243,CHEMBL206,GO:0045944
CHEMBL6243,CHEMBL2051,GO:0005576
CHEMBL6272,CHEMBL2074,O43451
CHEMBL6272,CHEMBL1971,O60706
CHEMBL6272,CHEMBL1827,O76074
CHEMBL6272,CHEMBL1859,O95180
CHEMBL6272,CHEMBL1884,O96760
CHEMBL6272,CHEMBL202,P00374
CHEMBL6272,CHEMBL1809,GO:0009257
CHEMBL6272,CHEMBL1862,P00519
CHEMBL6272,CHEMBL203,GO:0007166
CHEMBL6272,CHEMBL1852,GO:0003899
CHEMBL6272,CHEMBL204,GO:0009897
CHEMBL6272,CHEMBL1801,P00747
CHEMBL6272,CHEMBL2065,P62593
CHEMBL6272,CHEMBL1910,P00813
CHEMBL6272,CHEMBL205,GO:0004064
CHEMBL6272,CHEMBL1950,P01008
CHEMBL6272,CHEMBL2066,P63316
CHEMBL6272,CHEMBL1813,P02918
CHEMBL6272,CHEMBL206,GO:0045944
CHEMBL6272,CHEMBL2051,GO:0005576
CHEMBL269496,CHEMBL2074,O43451
CHEMBL269496,CHEMBL1971,O60706
CHEMBL269496,CHEMBL1827,O76074
CHEMBL269496,CHEMBL1859,O95180
CHEMBL269496,CHEMBL1884,O96760
CHEMBL269496,CHEMBL202,P00374
CHEMBL269496,CHEMBL1809,GO:0009257
CHEMBL269496,CHEMBL1862,P00519
CHEMBL269496,CHEMBL203,GO:0007166
CHEMBL269496,CHEMBL1852,GO:0003899
CHEMBL269496,CHEMBL204,GO:0009897
CHEMBL269496,CHEMBL1801,P00747
CHEMBL269496,CHEMBL2065,P62593
CHEMBL269496,CHEMBL1910,P00813
CHEMBL269496,CHEMBL205,GO:0004064
CHEMBL269496,CHEMBL1950,P01008
CHEMBL269496,CHEMBL2066,P63316
CHEMBL269496,CHEMBL1813,P02918
CHEMBL269496,CHEMBL206,GO:0045944
CHEMBL269496,CHEMBL2051,GO:0005576
CHEMBL6283,CHEMBL1971,O60706
CHEMBL6283,CHEMBL1827,O76074
CHEMBL6283,CHEMBL1859,O95180
CHEMBL6283,CHEMBL1884,O96760
CHEMBL6283,CHEMBL202,P00374
CHEMBL6283,CHEMBL1809,GO:0009257
CHEMBL6283,CHEMBL1862,P00519
CHEMBL6283,CHEMBL203,GO:0007166
CHEMBL6283,CHEMBL1852,GO:0003899
CHEMBL6283,CHEMBL204,GO:0009897
CHEMBL6283,CHEMBL1801,P00747
CHEMBL6283,CHEMBL2065,P62593
CHEMBL6283,CHEMBL1910,P00813
CHEMBL6283,CHEMBL205,GO:0004064
CHEMBL6283,CHEMBL1950,P01008
CHEMBL6283,CHEMBL2066,P63316
CHEMBL6283,CHEMBL1813,P02918
CHEMBL6283,CHEMBL206,GO:0045944
CHEMBL6283,CHEMBL2051,GO:0005576
CHEMBL6284,CHEMBL2074,O43451
CHEMBL6284,CHEMBL1971,O60706
CHEMBL6284,CHEMBL1827,O76074
CHEMBL6284,CHEMBL1859,O95180
CHEMBL6284,CHEMBL1884,O96760
CHEMBL6284,CHEMBL202,P00374
CHEMBL6284,CHEMBL1809,GO:0009257
CHEMBL6284,CHEMBL1862,P00519
CHEMBL6284,CHEMBL203,GO:0007166
CHEMBL6284,CHEMBL1852,GO:0003899
CHEMBL6284,CHEMBL204,GO:0009897
CHEMBL6284,CHEMBL1801,P00747
CHEMBL6284,CHEMBL2065,P62593
CHEMBL6284,CHEMBL1910,P00813
CHEMBL6284,CHEMBL205,GO:0004064
CHEMBL6284,CHEMBL1950,P01008
CHEMBL6284,CHEMBL2066,P63316
CHEMBL6284,CHEMBL1813,P02918
CHEMBL6284,CHEMBL206,GO:0045944
CHEMBL6284,CHEMBL2051,GO:0005576
CHEMBL6277,CHEMBL2074,O43451
CHEMBL6277,CHEMBL1971,O60706
CHEMBL6277,CHEMBL1827,O76074
CHEMBL6277,CHEMBL1859,O95180
CHEMBL6277,CHEMBL1884,O96760
CHEMBL6277,CHEMBL202,P00374
CHEMBL6277,CHEMBL1809,GO:0009257
CHEMBL6277,CHEMBL1862,P00519
CHEMBL6277,CHEMBL203,GO:0007166
CHEMBL6277,CHEMBL1852,GO:0003899
CHEMBL6277,CHEMBL204,GO:0009897
CHEMBL6277,CHEMBL1801,P00747
CHEMBL6277,CHEMBL2065,P62593
CHEMBL6277,CHEMBL1910,P00813
CHEMBL6277,CHEMBL205,GO:0004064
CHEMBL6277,CHEMBL1950,P01008
CHEMBL6277,CHEMBL2066,P63316
CHEMBL6277,CHEMBL1813,P02918
CHEMBL6277,CHEMBL206,GO:0045944
CHEMBL6277,CHEMBL2051,GO:0005576
CHEMBL268830,CHEMBL2074,O43451
CHEMBL268830,CHEMBL1971,O60706
CHEMBL268830,CHEMBL1827,O76074
CHEMBL268830,CHEMBL1859,O95180
CHEMBL268830,CHEMBL1884,O96760
CHEMBL268830,CHEMBL202,P00374
CHEMBL268830,CHEMBL1809,GO:0009257
CHEMBL268830,CHEMBL1862,P00519
CHEMBL268830,CHEMBL203,GO:0007166
CHEMBL268830,CHEMBL1852,GO:0003899
CHEMBL268830,CHEMBL204,GO:0009897
CHEMBL268830,CHEMBL1801,P00747
CHEMBL268830,CHEMBL2065,P62593
CHEMBL268830,CHEMBL1910,P00813
CHEMBL268830,CHEMBL205,GO:0004064
CHEMBL268830,CHEMBL1950,P01008
CHEMBL268830,CHEMBL2066,P63316
CHEMBL268830,CHEMBL1813,P02918
CHEMBL268830,CHEMBL206,GO:0045944
CHEMBL268830,CHEMBL2051,GO:0005576
CHEMBL6290,CHEMBL2074,O43451
CHEMBL6290,CHEMBL1971,O60706
CHEMBL6290,CHEMBL1827,O76074
CHEMBL6290,CHEMBL1859,O95180
CHEMBL6290,CHEMBL1884,O96760
CHEMBL6290,CHEMBL202,P00374
CHEMBL6290,CHEMBL1809,GO:0009257
CHEMBL6290,CHEMBL1862,P00519
CHEMBL6290,CHEMBL203,GO:0007166
CHEMBL6290,CHEMBL1852,GO:0003899
CHEMBL6290,CHEMBL204,GO:0009897
CHEMBL6290,CHEMBL1801,P00747
CHEMBL6290,CHEMBL2065,P62593
CHEMBL6290,CHEMBL1910,P00813
CHEMBL6290,CHEMBL205,GO:0004064
CHEMBL6290,CHEMBL1950,P01008
CHEMBL6290,CHEMBL2066,P63316
CHEMBL6290,CHEMBL1813,P02918
CHEMBL6290,CHEMBL206,GO:0045944
CHEMBL6290,CHEMBL2051,GO:0005576
CHEMBL6308,CHEMBL2074,O43451
CHEMBL6308,CHEMBL1971,O60706
CHEMBL6308,CHEMBL1827,O76074
CHEMBL6308,CHEMBL1859,O95180
CHEMBL6308,CHEMBL1884,O96760
CHEMBL6308,CHEMBL202,P00374
CHEMBL6308,CHEMBL1809,GO:0009257
CHEMBL6308,CHEMBL1862,P00519
CHEMBL6308,CHEMBL203,GO:0007166
CHEMBL6308,CHEMBL1852,GO:0003899
CHEMBL6308,CHEMBL204,GO:0009897
CHEMBL6308,CHEMBL1801,P00747
CHEMBL6308,CHEMBL2065,P62593
CHEMBL6308,CHEMBL1910,P00813
CHEMBL6308,CHEMBL205,GO:0004064
CHEMBL6308,CHEMBL1950,P01008
CHEMBL6308,CHEMBL2066,P63316
CHEMBL6308,CHEMBL1813,P02918
CHEMBL6308,CHEMBL206,GO:0045944
CHEMBL6308,CHEMBL2051,GO:0005576
CHEMBL268150,CHEMBL2074,O43451
CHEMBL268150,CHEMBL1971,O60706
CHEMBL268150,CHEMBL1827,O76074
CHEMBL268150,CHEMBL1859,O95180
CHEMBL268150,CHEMBL1884,O96760
CHEMBL268150,CHEMBL202,P00374
CHEMBL268150,CHEMBL1809,GO:0009257
CHEMBL268150,CHEMBL1862,P00519
CHEMBL268150,CHEMBL203,GO:0007166
CHEMBL268150,CHEMBL1852,GO:0003899
CHEMBL268150,CHEMBL204,GO:0009897
CHEMBL268150,CHEMBL1801,P00747
CHEMBL268150,CHEMBL2065,P62593
CHEMBL268150,CHEMBL1910,P00813
CHEMBL268150,CHEMBL205,GO:0004064
CHEMBL268150,CHEMBL1950,P01008
CHEMBL268150,CHEMBL2066,P63316
CHEMBL268150,CHEMBL1813,P02918
CHEMBL268150,CHEMBL206,GO:0045944
CHEMBL268150,CHEMBL2051,GO:0005576
CHEMBL6293,CHEMBL2074,O43451
CHEMBL6293,CHEMBL1971,O60706
CHEMBL6293,CHEMBL1827,O76074
CHEMBL6293,CHEMBL1859,O95180
CHEMBL6293,CHEMBL1884,O96760
CHEMBL6293,CHEMBL202,P00374
CHEMBL6293,CHEMBL1809,GO:0009257
CHEMBL6293,CHEMBL1862,P00519
CHEMBL6293,CHEMBL203,GO:0007166
CHEMBL6293,CHEMBL1852,GO:0003899
CHEMBL6293,CHEMBL204,GO:0009897
CHEMBL6293,CHEMBL1801,P00747
CHEMBL6293,CHEMBL2065,P62593
CHEMBL6293,CHEMBL1910,P00813
CHEMBL6293,CHEMBL205,GO:0004064
CHEMBL6293,CHEMBL1950,P01008
CHEMBL6293,CHEMBL2066,P63316
CHEMBL6293,CHEMBL1813,P02918
CHEMBL6293,CHEMBL206,GO:0045944
CHEMBL6293,CHEMBL2051,GO:0005576
CHEMBL447227,CHEMBL2074,O43451
CHEMBL447227,CHEMBL1971,O60706
CHEMBL447227,CHEMBL1827,O76074
CHEMBL447227,CHEMBL1884,O96760
CHEMBL447227,CHEMBL202,P00374
CHEMBL447227,CHEMBL1809,GO:0009257
CHEMBL447227,CHEMBL1862,P00519
CHEMBL447227,CHEMBL203,GO:0007166
CHEMBL447227,CHEMBL1852,GO:0003899
CHEMBL447227,CHEMBL204,GO:0009897
CHEMBL447227,CHEMBL1801,P00747
CHEMBL447227,CHEMBL2065,P62593
CHEMBL447227,CHEMBL1910,P00813
CHEMBL447227,CHEMBL205,GO:0004064
CHEMBL447227,CHEMBL1950,P01008
CHEMBL447227,CHEMBL2066,P63316
CHEMBL447227,CHEMBL1813,P02918
CHEMBL447227,CHEMBL206,GO:0045944
CHEMBL447227,CHEMBL2051,GO:0005576
CHEMBL6302,CHEMBL2074,O43451
CHEMBL6302,CHEMBL1971,O60706
CHEMBL6302,CHEMBL1827,O76074
CHEMBL6302,CHEMBL1859,O95180
CHEMBL6302,CHEMBL1884,O96760
CHEMBL6302,CHEMBL202,P00374
CHEMBL6302,CHEMBL1809,GO:0009257
CHEMBL6302,CHEMBL1862,P00519
CHEMBL6302,CHEMBL203,GO:0007166
CHEMBL6302,CHEMBL1852,GO:0003899
CHEMBL6302,CHEMBL204,GO:0009897
CHEMBL6302,CHEMBL1801,P00747
CHEMBL6302,CHEMBL2065,P62593
CHEMBL6302,CHEMBL1910,P00813
CHEMBL6302,CHEMBL205,GO:0004064
CHEMBL6302,CHEMBL1950,P01008
CHEMBL6302,CHEMBL2066,P63316
CHEMBL6302,CHEMBL1813,P02918
CHEMBL6302,CHEMBL206,GO:0045944
CHEMBL6302,CHEMBL2051,GO:0005576
CHEMBL268831,CHEMBL2074,O43451
CHEMBL268831,CHEMBL1971,O60706
CHEMBL268831,CHEMBL1827,O76074
CHEMBL268831,CHEMBL1859,O95180
CHEMBL268831,CHEMBL1884,O96760
CHEMBL268831,CHEMBL202,P00374
CHEMBL268831,CHEMBL1809,GO:0009257
CHEMBL268831,CHEMBL1862,P00519
CHEMBL268831,CHEMBL203,GO:0007166
CHEMBL268831,CHEMBL1852,GO:0003899
CHEMBL268831,CHEMBL204,GO:0009897
CHEMBL268831,CHEMBL1801,P00747
CHEMBL268831,CHEMBL2065,P62593
CHEMBL268831,CHEMBL1910,P00813
CHEMBL268831,CHEMBL205,GO:0004064
CHEMBL268831,CHEMBL1950,P01008
CHEMBL268831,CHEMBL2066,P63316
CHEMBL268831,CHEMBL1813,P02918
CHEMBL268831,CHEMBL206,GO:0045944
CHEMBL268831,CHEMBL2051,GO:0005576
CHEMBL267915,CHEMBL2074,O43451
CHEMBL267915,CHEMBL1971,O60706
CHEMBL267915,CHEMBL1827,O76074
CHEMBL267915,CHEMBL1859,O95180
CHEMBL267915,CHEMBL1884,O96760
CHEMBL267915,CHEMBL202,P00374
CHEMBL267915,CHEMBL1809,GO:0009257
CHEMBL267915,CHEMBL1862,P00519
CHEMBL267915,CHEMBL203,GO:0007166
CHEMBL267915,CHEMBL1852,GO:0003899
CHEMBL267915,CHEMBL204,GO:0009897
CHEMBL267915,CHEMBL1801,P00747
CHEMBL267915,CHEMBL2065,P62593
CHEMBL267915,CHEMBL1910,P00813
CHEMBL267915,CHEMBL205,GO:0004064
CHEMBL267915,CHEMBL1950,P01008
CHEMBL267915,CHEMBL2066,P63316
CHEMBL267915,CHEMBL1813,P02918
CHEMBL267915,CHEMBL206,GO:0045944
CHEMBL267915,CHEMBL2051,GO:0005576
CHEMBL2,CHEMBL2074,O43451
CHEMBL2,CHEMBL1971,O60706
CHEMBL2,CHEMBL1827,O76074
CHEMBL2,CHEMBL1859,O95180
CHEMBL2,CHEMBL1884,O96760
CHEMBL2,CHEMBL202,P00374
CHEMBL2,CHEMBL1809,GO:0009257
CHEMBL2,CHEMBL1862,P00519
CHEMBL2,CHEMBL203,GO:0007166
CHEMBL2,CHEMBL1852,GO:0003899
CHEMBL2,CHEMBL204,GO:0009897
CHEMBL2,CHEMBL1801,P00747
CHEMBL2,CHEMBL2065,P62593
CHEMBL2,CHEMBL1910,P00813
CHEMBL2,CHEMBL205,GO:0004064
CHEMBL2,CHEMBL1950,P01008
CHEMBL2,CHEMBL2066,P63316
CHEMBL2,CHEMBL1813,P02918
CHEMBL2,CHEMBL206,GO:0045944
CHEMBL2,CHEMBL2051,GO:0005576
CHEMBL6306,CHEMBL2074,O43451
CHEMBL6306,CHEMBL1971,O60706
CHEMBL6306,CHEMBL1827,O76074
CHEMBL6306,CHEMBL1859,O95180
CHEMBL6306,CHEMBL1884,O96760
CHEMBL6306,CHEMBL202,P00374
CHEMBL6306,CHEMBL1809,GO:0009257
CHEMBL6306,CHEMBL1862,P00519
CHEMBL6306,CHEMBL203,GO:0007166
CHEMBL6306,CHEMBL1852,GO:0003899
CHEMBL6306,CHEMBL204,GO:0009897
CHEMBL6306,CHEMBL1801,P00747
CHEMBL6306,CHEMBL2065,P62593
CHEMBL6306,CHEMBL1910,P00813
CHEMBL6306,CHEMBL205,GO:0004064
CHEMBL6306,CHEMBL1950,P01008
CHEMBL6306,CHEMBL2066,P63316
CHEMBL6306,CHEMBL1813,P02918
CHEMBL6306,CHEMBL206,GO:0045944
CHEMBL6306,CHEMBL2051,GO:0005576
CHEMBL415103,CHEMBL2074,O43451
CHEMBL415103,CHEMBL1971,O60706
CHEMBL415103,CHEMBL1827,O76074
CHEMBL415103,CHEMBL1859,O95180
CHEMBL415103,CHEMBL1884,O96760
CHEMBL415103,CHEMBL202,P00374
CHEMBL415103,CHEMBL1809,GO:0009257
CHEMBL415103,CHEMBL1862,P00519
CHEMBL415103,CHEMBL203,GO:0007166
CHEMBL415103,CHEMBL1852,GO:0003899
CHEMBL415103,CHEMBL204,GO:0009897
CHEMBL415103,CHEMBL1801,P00747
CHEMBL415103,CHEMBL2065,P62593
CHEMBL415103,CHEMBL1910,P00813
CHEMBL415103,CHEMBL205,GO:0004064
CHEMBL415103,CHEMBL1950,P01008
CHEMBL415103,CHEMBL2066,P63316
CHEMBL415103,CHEMBL1813,P02918
CHEMBL415103,CHEMBL206,GO:0045944
CHEMBL415103,CHEMBL2051,GO:0005576
CHEMBL6321,CHEMBL2074,O43451
CHEMBL6321,CHEMBL1971,O60706
CHEMBL6321,CHEMBL1827,O76074
CHEMBL6321,CHEMBL1859,O95180
CHEMBL6321,CHEMBL1884,O96760
CHEMBL6321,CHEMBL202,P00374
CHEMBL6321,CHEMBL1809,GO:0009257
CHEMBL6321,CHEMBL1862,P00519
CHEMBL6321,CHEMBL203,GO:0007166
CHEMBL6321,CHEMBL1852,GO:0003899
CHEMBL6321,CHEMBL204,GO:0009897
CHEMBL6321,CHEMBL1801,P00747
CHEMBL6321,CHEMBL2065,P62593
CHEMBL6321,CHEMBL1910,P00813
CHEMBL6321,CHEMBL205,GO:0004064
CHEMBL6321,CHEMBL1950,P01008
CHEMBL6321,CHEMBL2066,P63316
CHEMBL6321,CHEMBL1813,P02918
CHEMBL6321,CHEMBL206,GO:0045944
CHEMBL6321,CHEMBL2051,GO:0005576
CHEMBL6323,CHEMBL2074,O43451
CHEMBL6323,CHEMBL1971,O60706
CHEMBL6323,CHEMBL1827,O76074
CHEMBL6323,CHEMBL1859,O95180
CHEMBL6323,CHEMBL1884,O96760
CHEMBL6323,CHEMBL202,P00374
CHEMBL6323,CHEMBL1809,GO:0009257
CHEMBL6323,CHEMBL1862,P00519
CHEMBL6323,CHEMBL203,GO:0007166
CHEMBL6323,CHEMBL1852,GO:0003899
CHEMBL6323,CHEMBL204,GO:0009897
CHEMBL6323,CHEMBL1801,P00747
CHEMBL6323,CHEMBL2065,P62593
CHEMBL6323,CHEMBL1910,P00813
CHEMBL6323,CHEMBL205,GO:0004064
CHEMBL6323,CHEMBL1950,P01008
CHEMBL6323,CHEMBL2066,P63316
CHEMBL6323,CHEMBL1813,P02918
CHEMBL6323,CHEMBL206,GO:0045944
CHEMBL6323,CHEMBL2051,GO:0005576
CHEMBL6313,CHEMBL2074,O43451
CHEMBL6313,CHEMBL1971,O60706
CHEMBL6313,CHEMBL1827,O76074
CHEMBL6313,CHEMBL1859,O95180
CHEMBL6313,CHEMBL1884,O96760
CHEMBL6313,CHEMBL202,P00374
CHEMBL6313,CHEMBL1809,GO:0009257
CHEMBL6313,CHEMBL1862,P00519
CHEMBL6313,CHEMBL203,GO:0007166
CHEMBL6313,CHEMBL1852,GO:0003899
CHEMBL6313,CHEMBL204,GO:0009897
CHEMBL6313,CHEMBL1801,P00747
CHEMBL6313,CHEMBL2065,P62593
CHEMBL6313,CHEMBL1910,P00813
CHEMBL6313,CHEMBL205,GO:0004064
CHEMBL6313,CHEMBL1950,P01008
CHEMBL6313,CHEMBL2066,P63316
CHEMBL6313,CHEMBL1813,P02918
CHEMBL6313,CHEMBL206,GO:0045944
CHEMBL6313,CHEMBL2051,GO:0005576
CHEMBL266081,CHEMBL2074,O43451
CHEMBL266081,CHEMBL1971,O60706
CHEMBL266081,CHEMBL1827,O76074
CHEMBL266081,CHEMBL1859,O95180
CHEMBL266081,CHEMBL1884,O96760
CHEMBL266081,CHEMBL202,P00374
CHEMBL266081,CHEMBL1809,GO:0009257
CHEMBL266081,CHEMBL1862,P00519
CHEMBL266081,CHEMBL203,GO:0007166
CHEMBL266081,CHEMBL1852,GO:0003899
CHEMBL266081,CHEMBL204,GO:0009897
CHEMBL266081,CHEMBL1801,P00747
CHEMBL266081,CHEMBL2065,P62593
CHEMBL266081,CHEMBL1910,P00813
CHEMBL266081,CHEMBL205,GO:0004064
CHEMBL266081,CHEMBL1950,P01008
CHEMBL266081,CHEMBL2066,P63316
CHEMBL266081,CHEMBL1813,P02918
CHEMBL266081,CHEMBL206,GO:0045944
CHEMBL266081,CHEMBL2051,GO:0005576
CHEMBL6314,CHEMBL2074,O43451
CHEMBL6314,CHEMBL1971,O60706
CHEMBL6314,CHEMBL1827,O76074
CHEMBL6314,CHEMBL1859,O95180
CHEMBL6314,CHEMBL1884,O96760
CHEMBL6314,CHEMBL202,P00374
CHEMBL6314,CHEMBL1809,GO:0009257
CHEMBL6314,CHEMBL1862,P00519
CHEMBL6314,CHEMBL203,GO:0007166
CHEMBL6314,CHEMBL1852,GO:0003899
CHEMBL6314,CHEMBL204,GO:0009897
CHEMBL6314,CHEMBL1801,P00747
CHEMBL6314,CHEMBL2065,P62593
CHEMBL6314,CHEMBL1910,P00813
CHEMBL6314,CHEMBL205,GO:0004064
CHEMBL6314,CHEMBL1950,P01008
CHEMBL6314,CHEMBL2066,P63316
CHEMBL6314,CHEMBL1813,P02918
CHEMBL6314,CHEMBL206,GO:0045944
CHEMBL6314,CHEMBL2051,GO:0005576
CHEMBL6343,CHEMBL2074,O43451
CHEMBL6343,CHEMBL1971,O60706
CHEMBL6343,CHEMBL1827,O76074
CHEMBL6343,CHEMBL1859,O95180
CHEMBL6343,CHEMBL1884,O96760
CHEMBL6343,CHEMBL202,P00374
CHEMBL6343,CHEMBL1809,GO:0009257
CHEMBL6343,CHEMBL1862,P00519
CHEMBL6343,CHEMBL203,GO:0007166
CHEMBL6343,CHEMBL1852,GO:0003899
CHEMBL6343,CHEMBL204,GO:0009897
CHEMBL6343,CHEMBL1801,P00747
CHEMBL6343,CHEMBL2065,P62593
CHEMBL6343,CHEMBL1910,P00813
CHEMBL6343,CHEMBL205,GO:0004064
CHEMBL6343,CHEMBL1950,P01008
CHEMBL6343,CHEMBL2066,P63316
CHEMBL6343,CHEMBL1813,P02918
CHEMBL6343,CHEMBL206,GO:0045944
CHEMBL6343,CHEMBL2051,GO:0005576
CHEMBL204146,CHEMBL2074,O43451
CHEMBL204146,CHEMBL1971,O60706
CHEMBL204146,CHEMBL1827,O76074
CHEMBL204146,CHEMBL1859,O95180
CHEMBL204146,CHEMBL1884,O96760
CHEMBL204146,CHEMBL202,P00374
CHEMBL204146,CHEMBL1809,GO:0009257
CHEMBL204146,CHEMBL1862,P00519
CHEMBL204146,CHEMBL203,GO:0007166
CHEMBL204146,CHEMBL1852,GO:0003899
CHEMBL204146,CHEMBL204,GO:0009897
CHEMBL204146,CHEMBL1801,P00747
CHEMBL204146,CHEMBL2065,P62593
CHEMBL204146,CHEMBL1910,P00813
CHEMBL204146,CHEMBL205,GO:0004064
CHEMBL204146,CHEMBL1950,P01008
CHEMBL204146,CHEMBL2066,P63316
CHEMBL204146,CHEMBL1813,P02918
CHEMBL204146,CHEMBL206,GO:0045944
CHEMBL204146,CHEMBL2051,GO:0005576
CHEMBL6355,CHEMBL2074,O43451
CHEMBL6355,CHEMBL1971,O60706
CHEMBL6355,CHEMBL1827,O76074
CHEMBL6355,CHEMBL1859,O95180
CHEMBL6355,CHEMBL1884,O96760
CHEMBL6355,CHEMBL202,P00374
CHEMBL6355,CHEMBL1809,GO:0009257
CHEMBL6355,CHEMBL1862,P00519
CHEMBL6355,CHEMBL203,GO:0007166
CHEMBL6355,CHEMBL1852,GO:0003899
CHEMBL6355,CHEMBL204,GO:0009897
CHEMBL6355,CHEMBL1801,P00747
CHEMBL6355,CHEMBL2065,P62593
CHEMBL6355,CHEMBL1910,P00813
CHEMBL6355,CHEMBL205,GO:0004064
CHEMBL6355,CHEMBL1950,P01008
CHEMBL6355,CHEMBL2066,P63316
CHEMBL6355,CHEMBL1813,P02918
CHEMBL6355,CHEMBL206,GO:0045944
CHEMBL6355,CHEMBL2051,GO:0005576
CHEMBL6364,CHEMBL2074,O43451
CHEMBL6364,CHEMBL1971,O60706
CHEMBL6364,CHEMBL1827,O76074
CHEMBL6364,CHEMBL1859,O95180
CHEMBL6364,CHEMBL1884,O96760
CHEMBL6364,CHEMBL202,P00374
CHEMBL6364,CHEMBL1809,GO:0009257
CHEMBL6364,CHEMBL1862,P00519
CHEMBL6364,CHEMBL203,GO:0007166
CHEMBL6364,CHEMBL1852,GO:0003899
CHEMBL6364,CHEMBL204,GO:0009897
CHEMBL6364,CHEMBL1801,P00747
CHEMBL6364,CHEMBL2065,P62593
CHEMBL6364,CHEMBL1910,P00813
CHEMBL6364,CHEMBL205,GO:0004064
CHEMBL6364,CHEMBL1950,P01008
CHEMBL6364,CHEMBL2066,P63316
CHEMBL6364,CHEMBL1813,P02918
CHEMBL6364,CHEMBL206,GO:0045944
CHEMBL6364,CHEMBL2051,GO:0005576
CHEMBL6365,CHEMBL2074,O43451
CHEMBL6365,CHEMBL1971,O60706
CHEMBL6365,CHEMBL1827,O76074
CHEMBL6365,CHEMBL1859,O95180
CHEMBL6365,CHEMBL1884,O96760
CHEMBL6365,CHEMBL202,P00374
CHEMBL6365,CHEMBL1809,GO:0009257
CHEMBL6365,CHEMBL1862,P00519
CHEMBL6365,CHEMBL203,GO:0007166
CHEMBL6365,CHEMBL1852,GO:0003899
CHEMBL6365,CHEMBL204,GO:0009897
CHEMBL6365,CHEMBL1801,P00747
CHEMBL6365,CHEMBL2065,P62593
CHEMBL6365,CHEMBL1910,P00813
CHEMBL6365,CHEMBL205,GO:0004064
CHEMBL6365,CHEMBL1950,P01008
CHEMBL6365,CHEMBL2066,P63316
CHEMBL6365,CHEMBL1813,P02918
CHEMBL6365,CHEMBL206,GO:0045944
CHEMBL6365,CHEMBL2051,GO:0005576
CHEMBL266458,CHEMBL2074,O43451
CHEMBL266458,CHEMBL1971,O60706
CHEMBL266458,CHEMBL1827,O76074
CHEMBL266458,CHEMBL1859,O95180
CHEMBL266458,CHEMBL1884,O96760
CHEMBL266458,CHEMBL202,P00374
CHEMBL266458,CHEMBL1809,GO:0009257
CHEMBL266458,CHEMBL1862,P00519
CHEMBL266458,CHEMBL203,GO:0007166
CHEMBL266458,CHEMBL1852,GO:0003899
CHEMBL266458,CHEMBL204,GO:0009897
CHEMBL266458,CHEMBL1801,P00747
CHEMBL266458,CHEMBL2065,P62593
CHEMBL266458,CHEMBL1910,P00813
CHEMBL266458,CHEMBL205,GO:0004064
CHEMBL266458,CHEMBL1950,P01008
CHEMBL266458,CHEMBL2066,P63316
CHEMBL266458,CHEMBL1813,P02918
CHEMBL266458,CHEMBL206,GO:0045944
CHEMBL266458,CHEMBL2051,GO:0005576
CHEMBL6366,CHEMBL2074,O43451
CHEMBL6366,CHEMBL1971,O60706
CHEMBL6366,CHEMBL1827,O76074
CHEMBL6366,CHEMBL1859,O95180
CHEMBL6366,CHEMBL1884,O96760
CHEMBL6366,CHEMBL202,P00374
CHEMBL6366,CHEMBL1809,GO:0009257
CHEMBL6366,CHEMBL1862,P00519
CHEMBL6366,CHEMBL203,GO:0007166
CHEMBL6366,CHEMBL1852,GO:0003899
CHEMBL6366,CHEMBL204,GO:0009897
CHEMBL6366,CHEMBL1801,P00747
CHEMBL6366,CHEMBL2065,P62593
CHEMBL6366,CHEMBL1910,P00813
CHEMBL6366,CHEMBL205,GO:0004064
CHEMBL6366,CHEMBL1950,P01008
CHEMBL6366,CHEMBL2066,P63316
CHEMBL6366,CHEMBL1813,P02918
CHEMBL6366,CHEMBL206,GO:0045944
CHEMBL6366,CHEMBL2051,GO:0005576
CHEMBL216458,CHEMBL2074,O43451
CHEMBL216458,CHEMBL1971,O60706
CHEMBL216458,CHEMBL1827,O76074
CHEMBL216458,CHEMBL1859,O95180
CHEMBL216458,CHEMBL1884,O96760
CHEMBL216458,CHEMBL202,P00374
CHEMBL216458,CHEMBL1809,GO:0009257
CHEMBL216458,CHEMBL1862,P00519
CHEMBL216458,CHEMBL203,GO:0007166
CHEMBL216458,CHEMBL1852,GO:0003899
CHEMBL216458,CHEMBL204,GO:0009897
CHEMBL216458,CHEMBL1801,P00747
CHEMBL216458,CHEMBL2065,P62593
CHEMBL216458,CHEMBL1910,P00813
CHEMBL216458,CHEMBL205,GO:0004064
CHEMBL216458,CHEMBL1950,P01008
CHEMBL216458,CHEMBL2066,P63316
CHEMBL216458,CHEMBL1813,P02918
CHEMBL216458,CHEMBL206,GO:0045944
CHEMBL216458,CHEMBL2051,GO:0005576
CHEMBL3,CHEMBL2074,O43451
CHEMBL3,CHEMBL1971,O60706
CHEMBL3,CHEMBL1827,O76074
CHEMBL3,CHEMBL1859,O95180
CHEMBL3,CHEMBL1884,O96760
CHEMBL3,CHEMBL202,P00374
CHEMBL3,CHEMBL1809,GO:0009257
CHEMBL3,CHEMBL1862,P00519
CHEMBL3,CHEMBL203,GO:0007166
CHEMBL3,CHEMBL1852,GO:0003899
CHEMBL3,CHEMBL204,GO:0009897
CHEMBL3,CHEMBL1801,P00747
CHEMBL3,CHEMBL2065,P62593
CHEMBL3,CHEMBL1910,P00813
CHEMBL3,CHEMBL205,GO:0004064
CHEMBL3,CHEMBL1950,P01008
CHEMBL3,CHEMBL2066,P63316
CHEMBL3,CHEMBL1813,P02918
CHEMBL3,CHEMBL206,GO:0045944
CHEMBL3,CHEMBL2051,GO:0005576
CHEMBL6200,CHEMBL2074,O43451
CHEMBL6200,CHEMBL1971,O60706
CHEMBL6200,CHEMBL1827,O76074
CHEMBL6200,CHEMBL1859,O95180
CHEMBL6200,CHEMBL1884,O96760
CHEMBL6200,CHEMBL202,P00374
CHEMBL6200,CHEMBL1809,GO:0009257
CHEMBL6200,CHEMBL1862,P00519
CHEMBL6200,CHEMBL203,GO:0007166
CHEMBL6200,CHEMBL1852,GO:0003899
CHEMBL6200,CHEMBL204,GO:0009897
CHEMBL6200,CHEMBL1801,P00747
CHEMBL6200,CHEMBL2065,P62593
CHEMBL6200,CHEMBL1910,P00813
CHEMBL6200,CHEMBL205,GO:0004064
CHEMBL6200,CHEMBL1950,P01008
CHEMBL6200,CHEMBL2066,P63316
CHEMBL6200,CHEMBL1813,P02918
CHEMBL6200,CHEMBL206,GO:0045944
CHEMBL6200,CHEMBL2051,GO:0005576
CHEMBL266886,CHEMBL2074,O43451
CHEMBL266886,CHEMBL1971,O60706
CHEMBL266886,CHEMBL1827,O76074
CHEMBL266886,CHEMBL1859,O95180
CHEMBL266886,CHEMBL1884,O96760
CHEMBL266886,CHEMBL202,P00374
CHEMBL266886,CHEMBL1809,GO:0009257
CHEMBL266886,CHEMBL1862,P00519
CHEMBL266886,CHEMBL203,GO:0007166
CHEMBL266886,CHEMBL1852,GO:0003899
CHEMBL266886,CHEMBL204,GO:0009897
CHEMBL266886,CHEMBL1801,P00747
CHEMBL266886,CHEMBL2065,P62593
CHEMBL266886,CHEMBL1910,P00813
CHEMBL266886,CHEMBL205,GO:0004064
CHEMBL266886,CHEMBL1950,P01008
CHEMBL266886,CHEMBL2066,P63316
CHEMBL266886,CHEMBL1813,P02918
CHEMBL266886,CHEMBL206,GO:0045944
CHEMBL266886,CHEMBL2051,GO:0005576
CHEMBL269132,CHEMBL2074,O43451
CHEMBL269132,CHEMBL1971,O60706
CHEMBL269132,CHEMBL1827,O76074
CHEMBL269132,CHEMBL1859,O95180
CHEMBL269132,CHEMBL1884,O96760
CHEMBL269132,CHEMBL202,P00374
CHEMBL269132,CHEMBL1809,GO:0009257
CHEMBL269132,CHEMBL1862,P00519
CHEMBL269132,CHEMBL203,GO:0007166
CHEMBL269132,CHEMBL1852,GO:0003899
CHEMBL269132,CHEMBL204,GO:0009897
CHEMBL269132,CHEMBL1801,P00747
CHEMBL269132,CHEMBL2065,P62593
CHEMBL269132,CHEMBL1910,P00813
CHEMBL269132,CHEMBL205,GO:0004064
CHEMBL269132,CHEMBL1950,P01008
CHEMBL269132,CHEMBL2066,P63316
CHEMBL269132,CHEMBL1813,P02918
CHEMBL269132,CHEMBL206,GO:0045944
CHEMBL269132,CHEMBL2051,GO:0005576
CHEMBL269133,CHEMBL2074,O43451
CHEMBL269133,CHEMBL1971,O60706
CHEMBL269133,CHEMBL1827,O76074
CHEMBL269133,CHEMBL1859,O95180
CHEMBL269133,CHEMBL1884,O96760
CHEMBL269133,CHEMBL202,P00374
CHEMBL269133,CHEMBL1809,GO:0009257
CHEMBL269133,CHEMBL1862,P00519
CHEMBL269133,CHEMBL203,GO:0007166
CHEMBL269133,CHEMBL1852,GO:0003899
CHEMBL269133,CHEMBL204,GO:0009897
CHEMBL269133,CHEMBL1801,P00747
CHEMBL269133,CHEMBL2065,P62593
CHEMBL269133,CHEMBL1910,P00813
CHEMBL269133,CHEMBL205,GO:0004064
CHEMBL269133,CHEMBL1950,P01008
CHEMBL269133,CHEMBL2066,P63316
CHEMBL269133,CHEMBL1813,P02918
CHEMBL269133,CHEMBL206,GO:0045944
CHEMBL269133,CHEMBL2051,GO:0005576
CHEMBL6346,CHEMBL2074,O43451
CHEMBL6346,CHEMBL1971,O60706
CHEMBL6346,CHEMBL1827,O76074
CHEMBL6346,CHEMBL1859,O95180
CHEMBL6346,CHEMBL1884,O96760
CHEMBL6346,CHEMBL202,P00374
CHEMBL6346,CHEMBL1809,GO:0009257
CHEMBL6346,CHEMBL1862,P00519
CHEMBL6346,CHEMBL203,GO:0007166
CHEMBL6346,CHEMBL1852,GO:0003899
CHEMBL6346,CHEMBL204,GO:0009897
CHEMBL6346,CHEMBL1801,P00747
CHEMBL6346,CHEMBL2065,P62593
CHEMBL6346,CHEMBL1910,P00813
CHEMBL6346,CHEMBL205,GO:0004064
CHEMBL6346,CHEMBL1950,P01008
CHEMBL6346,CHEMBL2066,P63316
CHEMBL6346,CHEMBL1813,P02918
CHEMBL6346,CHEMBL206,GO:0045944
CHEMBL6346,CHEMBL2051,GO:0005576
CHEMBL414181,CHEMBL2074,O43451
CHEMBL414181,CHEMBL1971,O60706
CHEMBL414181,CHEMBL1827,O76074
CHEMBL414181,CHEMBL1859,O95180
CHEMBL414181,CHEMBL1884,O96760
CHEMBL414181,CHEMBL202,P00374
CHEMBL414181,CHEMBL1809,GO:0009257
CHEMBL414181,CHEMBL1862,P00519
CHEMBL414181,CHEMBL203,GO:0007166
CHEMBL414181,CHEMBL1852,GO:0003899
CHEMBL414181,CHEMBL1801,P00747
CHEMBL414181,CHEMBL2065,P62593
CHEMBL414181,CHEMBL1910,P00813
CHEMBL414181,CHEMBL205,GO:0004064
CHEMBL414181,CHEMBL1950,P01008
CHEMBL414181,CHEMBL2066,P63316
CHEMBL414181,CHEMBL1813,P02918
CHEMBL414181,CHEMBL206,GO:0045944
CHEMBL414181,CHEMBL2051,GO:0005576
CHEMBL6334,CHEMBL2074,O43451
CHEMBL6334,CHEMBL1971,O60706
CHEMBL6334,CHEMBL1827,O76074
CHEMBL6334,CHEMBL1859,O95180
CHEMBL6334,CHEMBL1884,O96760
CHEMBL6334,CHEMBL202,P00374
CHEMBL6334,CHEMBL1809,GO:0009257
CHEMBL6334,CHEMBL1862,P00519
CHEMBL6334,CHEMBL203,GO:0007166
CHEMBL6334,CHEMBL1852,GO:0003899
CHEMBL6334,CHEMBL204,GO:0009897
CHEMBL6334,CHEMBL1801,P00747
CHEMBL6334,CHEMBL2065,P62593
CHEMBL6334,CHEMBL1910,P00813
CHEMBL6334,CHEMBL205,GO:0004064
CHEMBL6334,CHEMBL1950,P01008
CHEMBL6334,CHEMBL2066,P63316
CHEMBL6334,CHEMBL1813,P02918
CHEMBL6334,CHEMBL206,GO:0045944
CHEMBL6334,CHEMBL2051,GO:0005576
CHEMBL263076,CHEMBL2074,O43451
CHEMBL263076,CHEMBL1971,O60706
CHEMBL263076,CHEMBL1827,O76074
CHEMBL263076,CHEMBL1859,O95180
CHEMBL263076,CHEMBL1884,O96760
CHEMBL263076,CHEMBL202,P00374
CHEMBL263076,CHEMBL1809,GO:0009257
CHEMBL263076,CHEMBL1862,P00519
CHEMBL263076,CHEMBL203,GO:0007166
CHEMBL263076,CHEMBL1852,GO:0003899
CHEMBL263076,CHEMBL204,GO:0009897
CHEMBL263076,CHEMBL1801,P00747
CHEMBL263076,CHEMBL2065,P62593
CHEMBL263076,CHEMBL1910,P00813
CHEMBL263076,CHEMBL205,GO:0004064
CHEMBL263076,CHEMBL1950,P01008
CHEMBL263076,CHEMBL2066,P63316
CHEMBL263076,CHEMBL1813,P02918
CHEMBL263076,CHEMBL206,GO:0045944
CHEMBL263076,CHEMBL2051,GO:0005576
